#Object,Effective,temperature,Luminosity,Radius,Chi^2
#Name,Kelvin,Solar,luminosities,Solar,Radii
HIP,69673,4328.411024212837,176.05802750582723,24.86243250424329,0.014806516257695922
HIP,82396,4501.803719052114,53.712875320111934,12.661709066509646,0.0003520220366566197
HIP,21421,3824.129703640938,412.52964032603245,50.572269338404105,0.01570374489436183
HIP,102488,4728.459792332724,55.83979321293721,11.706511964843708,2.0826349722537517e-05
HIP,61084,3557.254532680963,801.5523559498431,87.50881437915847,0.022397869860666064
HIP,72607,4041.8636903486913,435.33069853910064,48.919261673286634,0.011365640674894394
HIP,89642,3580.0761038219207,486.38631681885056,66.0894009875144,0.003080035112656982
HIP,87833,3972.271453777794,567.2072479400495,57.837815870013586,0.0232486866804306
HIP,79593,3765.005320472119,558.7936466840235,61.43639366328528,0.0006266425757166763
HIP,112122,3438.9730656848405,3065.84600853425,198.9077990952506,0.048203887953955436
HIP,21479,2602.078027781099,6775.296951747764,555.1229249692946,0.06369634147549562
HIP,46390,4166.331286802888,786.0393330561526,59.82705296654825,0.00047454882349426544
HIP,67457,3366.2002558392123,785.0448793150459,98.43659092063655,0.024957996257129175
HIP,36377,3935.9039163932903,366.84935422350696,46.63944092189855,0.00016420258817564177
HIP,113881,3531.943148974824,1711.084307063748,137.40827485711938,0.02100304809956775
HIP,5447,3832.8062273561954,1434.8881822955377,105.04887639622979,0.03554656909547548
HIP,63090,3576.231247301912,653.6384900849358,75.19345810001671,0.02370539804069268
HIP,114724,3765.4805417521857,269.61513881889755,41.76241263821255,9.642982186834337e-05
HIP,45860,3874.932646751404,489.7843402532493,56.44910776623641,0.01522051908961439
HIP,18543,3773.3000210719183,558.920122047435,61.83378236655564,0.0003607287714990633
HIP,34922,3247.1087746554986,1922.6604114818758,181.31512381915746,0.016103326269967872
HIP,17678,3695.134800672531,648.7807216545004,76.23051241647113,0.029523834968385298
HIP,3179,4717.877911857795,722.4069080568579,48.39091206715607,5.473465282125038e-05
HIP,50801,3770.82104254514,772.2561358472772,76.7471169356242,0.027244405973351267
HIP,30343,3522.8537895272893,1636.250567750388,134.63702736918282,0.0017866736573459786
HIP,48036,2102.6882763113827,2259.4232050530813,462.35991942736683,0.01980839320187127
HIP,6867,3796.7237317934632,534.298030065173,61.981055706460424,0.00033907923546711065
HIP,14135,3660.9872919140616,1748.2150452503113,122.80197948559962,0.019015452972504638
HIP,75177,3945.0351199530996,555.3642760303931,58.78419175914954,0.00037732937625854643
HIP,73714,3539.937709525184,1692.695140215443,137.768209287717,0.020671567426377956
HIP,110256,3316.513168439269,1174.6882767453017,145.54127334423026,0.16102578331324685
HIP,9347,3759.5378530269954,593.6828594950298,66.81421669181455,0.013028756556536986
HIP,92862,3332.93900039047,2816.556930342604,222.38568530066811,0.024017670990374513
HIP,10826,3421.657992247492,8370.906133727134,355.2073593424441,0.01384728355379768
HIP,59929,3391.485014837235,1678.0254213779544,166.7434876640548,0.005594930813761993
HIP,15474,3509.634646952036,1486.2389137141574,130.4213341131132,0.000733484287554617
HIP,14354,3438.3877449226566,2924.27691472307,207.9608552236884,0.028555326309650773
HIP,111043,3500.743342228234,1427.9783011468464,139.15162781019293,0.0006978211526989367
HIP,56211,3742.1390474773943,810.7484982545528,86.95827233982483,0.01393663528033117
HIP,67419,2123.3225348428823,8542.283751301235,896.4241447882736,0.040458566913490986
HIP,8837,3492.441364377737,1163.1893453930968,122.93467779049188,0.04340970056475931
HIP,89931,4338.569472301751,1414.9458659340698,80.05385362558937,0.00035000355606127064
HIP,13654,3258.7137550046464,1431.8966205225959,145.18385113960085,0.034164236806368826
HIP,80704,3222.3552095663035,4080.1531517449703,297.3618125233487,0.03288666191751233
HIP,84345,3261.19376052171,15159.685886365536,595.268038182495,0.00530301571892936
HIP,21763,3555.715351982508,1433.2550121962797,125.9596667754855,0.023469326861449397
HIP,68815,3154.7158556524664,7861.986804825598,482.0654395847966,0.0058219599224163835
HIP,107516,3003.1509579066187,7908.628162894178,420.8278448100195,0.007007680873658197
HIP,67627,3533.1102948635817,996.0679135489348,118.84435593571169,0.00013014710694215676
HIP,84380,4207.381188403815,1145.448404374182,77.26705052309002,0.007532345532479472
HIP,101810,3207.617399166338,1837.853293990761,175.0225142655119,0.0581313617185887
HIP,29655,3516.886370438151,3164.253285612948,202.45019423910392,0.0014596699251825695
HIP,112961,3621.2493567261845,1381.5357374528528,112.07395522001029,0.0013464670673068745
HIP,53449,3305.3441048471723,1427.3788239878634,135.77425303028383,0.033363882605798235
HIP,82273,4199.931556585652,3829.453841627336,168.2206471021446,6.004215652782227e-05
HIP,9640,4292.884594600182,2929.6665606278175,126.75510515090896,0.01348066637556421
HIP,97278,4141.439327504486,2184.2063228703655,108.22461567345736,0.00028329178885483955
HIP,55219,4174.208238928695,988.874961353502,72.59861384177158,0.00012383927686185532
HIP,35205,3651.39914790052,854.9748180862669,92.00169802576103,0.00022667835909647124
HIP,65835,2238.5713901370764,7907.971167549805,782.2890071254564,0.06610881579840432
HIP,118188,6200.285874316469,2.281916694327325,1.4749968980281805,0.00012133380293968224
HIP,106044,3335.37131678313,1655.5669709133883,188.9271543241246,0.0001602903186432508
HIP,51839,3851.246177405119,967.4865963046151,92.81520604257842,0.03060636004611141
HIP,108924,3472.9152520687785,923.5542161868993,117.73012618507407,0.00033792093057086414
HIP,57800,3110.2423023758456,1865.164088142906,192.41131126763977,0.003021040159784037
HIP,95947,4379.014960024506,1220.7707892004441,72.14897182546761,0.00046099709585964167
HIP,63642,2524.6158362715505,5073.198538514443,499.7092768321354,0.0009200651594504168
HIP,60781,3411.738006982341,1309.9217696885923,157.48171370097225,0.03916726851511711
HIP,78574,3107.3364892043173,4383.551547411737,381.4281748366786,0.0014462448244200617
HIP,72370,4180.104027092457,1011.5078748924137,81.83109916442142,5.9522352635365905e-05
HIP,1170,3693.8363686203957,1025.9381367568662,97.11381357812157,0.01902923406927983
HIP,98688,3461.438684957102,2029.1808716452106,170.1448088543817,0.0006779102924610008
HIP,111795,3470.2811954542994,1245.6192817996903,140.13331035034145,0.00021575975514652717
HIP,2210,3563.869194984436,1481.1278106673137,140.14484213401298,0.02462554229838525
HIP,14456,3554.1706120222807,1029.9652332754108,99.88461235172268,0.04956882409378637
HIP,104234,3766.2411441221775,840.5485069064509,81.90884564368595,0.0007598595146495185
HIP,73199,3400.0743708078517,2588.6951970879436,236.23434593082516,0.000380651322005024
HIP,69269,3659.9595230072737,753.1265541532409,82.14397394488586,0.047670426945987734
HIP,64569,2884.199883788824,10875.546667348965,578.6978381306477,0.002622815261443259
HIP,13328,3868.1368338472384,610.2959071512491,67.37534367098942,0.010811343066836477
HIP,45058,3126.9991278648376,5338.5708375783615,389.6140895188386,0.0012937702545798126
HIP,90098,3976.507387646052,843.917877653514,81.51546030620037,6.083570247120685e-05
HIP,18744,3499.9878638307564,1767.9722618145472,174.83754839334577,0.027392975302549336
HIP,28328,4658.604919910431,627.3858695636018,49.460098875496136,0.0008484378957952271
HIP,98608,3288.3271143182355,4337.72483234526,311.4580190956279,0.10219921753142475
HIP,9372,3363.7823495082557,1813.9300824056136,158.1380432364121,0.05586111811560933
HIP,118131,3582.5618374347687,1363.2081902273046,124.034223940917,0.00027987965384991694
HIP,17593,3735.8562560984865,1203.570353210902,98.66169382231102,0.00011546838785873818
HIP,83081,3948.1134688854218,3219.303938422756,186.95821788454026,0.0003797457500186062
HIP,24169,3199.837728384882,5323.623141391953,333.09957795637774,0.0007813951797656348
HIP,51979,3700.3319341270253,772.8668178848726,83.26620497563465,0.045686024057905825
HIP,45496,3788.1215226929635,1242.9073435532655,115.8992338537719,0.04051491578091453
HIP,23015,4071.890499033034,3608.399906175318,160.0256346232755,0.0238659337093607
HIP,56779,3415.1168981939554,1802.2716699798289,152.04926093731368,0.06757853496131024
HIP,29651,4371.532715857029,1029.0553162974682,63.07588553005572,0.0004936233100477833
HIP,27989,3523.2989840582013,69238.08220100479,1072.6843806875215,0.02407968052654757
HIP,22626,3537.7595696406206,741.2528221241565,105.89363171136192,7.970408023763233e-05
HIP,36547,3499.7015165537596,1400.5088814827595,162.59084979901252,7.920925894251539e-05
HIP,45902,3724.0271669230424,1399.21166499113,122.94433628128054,0.01990740565254107
HIP,84780,3313.1152304007264,1589.5452763467745,141.30105024630245,0.0610280231822069
HIP,25737,3829.817136938218,752.0749416672307,69.3747806903352,6.903880188633206e-05
HIP,66803,3665.7981905154884,945.0942506468592,90.29532452369564,0.0449304636421253
HIP,42502,3167.340512719966,2625.985917630015,225.76869908835894,0.0020028668069073676
HIP,69038,3431.8539328780025,1981.4324593517647,193.99652760205586,0.06412179174431523
HIP,66666,3241.9882134348154,3453.9730297292663,297.97319155746965,0.0018875914721904006
HIP,46806,2322.962326046545,4527.765657981652,580.5354007694503,0.044795863643470386
HIP,72432,3316.0115206521004,2095.9113451448734,203.47529273267887,0.00012112730950969319
HIP,17296,3552.346486549359,1270.197523843232,147.7178697443052,0.044219339666884225
HIP,116264,3413.6052916814515,1854.308438109807,170.82852879948726,0.08109244410340079
HIP,27639,3765.597621613415,1138.3021725946821,107.30531172686258,0.0002950127938074219
HIP,66738,3676.8014846742153,1355.2433913101543,136.64850190561233,0.0001464916644264732
HIP,105562,3134.486823172774,1633.852430093452,195.40151133159887,0.00021764434248425032
HIP,11455,2799.8838378395885,2140.882499704288,296.87219022523135,0.007298267526713888
HIP,18597,3711.554294452071,1254.050734696489,136.10075830138967,0.05004210739174781
HIP,95937,3652.527699152415,925.0056069798648,87.55743041888687,0.03274267948066627
HIP,110478,2983.5028302657884,8993.017392551135,609.0072262915002,0.01708081219958368
HIP,56702,3119.3386810077936,1389.5006104315673,206.98304493190736,0.012681948961982305
HIP,114318,3104.059077226557,2275.407787771459,263.53553785114775,0.00131108383368823
HIP,34909,3458.563259523362,2581.617249170946,183.79103509391157,0.0723458372571928
HIP,35120,3529.656360828085,810.0247128075395,89.64812613283824,0.00014142154960880795
HIP,15549,3977.197773680091,1295.8204556197472,96.1872417615961,0.0010059579527939573
HIP,89172,3572.2690927796066,1158.5609522672505,117.64475882411591,8.590264088123711e-05
HIP,62985,3575.4890461696777,1704.6768536686577,134.71400272986395,0.026503695025330266
HIP,44816,3821.509640067816,8510.004233320176,334.78583132684605,0.0021073513602624075
HIP,57613,3442.5417239405215,1701.210216434558,158.1970082475899,0.08255094694894607
HIP,69068,3625.728688660456,779.6264263356505,102.59689514967747,0.07451000539865912
HIP,34670,4350.515772130311,126.08936713259855,22.498572062998292,6.912491124491432e-05
HIP,47965,3549.1741436719894,1493.0299588993669,167.15066687463747,0.06097720156957626
HIP,10155,3545.6853462429717,1008.9876974424285,107.71251855554694,0.04522436674497984
HIP,44824,3865.79777818406,873.6804172950372,80.31196428092451,0.0004236887602257119
HIP,114489,3248.6765514640138,3260.5901266799274,225.29601353032908,0.09783680423833517
HIP,24738,3444.8154776357114,1724.9093613017271,179.60925184352038,6.889570659071603e-05
HIP,115022,3641.613909895532,1425.2931190737056,144.30114090524296,0.025410839858687917
HIP,13495,3333.6668089788873,2223.164190707955,177.4765221821429,0.06538038940035959
HIP,23840,3530.0439912080765,1476.2528776112033,173.35118890127086,0.06412693677891608
HIP,9234,3018.8888795359526,5969.560143599058,496.7950711721679,0.0025040603106105453
HIP,106642,3225.0420340627898,5707.680063943636,437.3195166654245,0.001612213823695633
HIP,33878,3693.037676140666,1381.2567124182226,108.10109107632553,6.680204503034274e-05
HIP,101984,3665.4091209173203,1099.388359563817,103.46152324209177,0.044979910689969115
HIP,53907,3827.721916139126,1067.8814159109272,86.74901017065119,0.014957635034542505
HIP,102624,3582.47545145452,1871.6565360932632,138.68161217278345,0.025005884698045402
HIP,50333,3709.1709930449724,836.4641583409176,84.36165874907233,0.028176921243243745
HIP,98583,3656.247250351589,958.9204073542072,115.45628927232585,0.024698281924744474
HIP,9326,3680.581975139212,914.5332743208477,101.42617431840665,0.060257353523117146
HIP,82833,3200.1686930656433,5210.298536709504,681.580143003874,0.023534654565076692
HIP,97629,2317.2411240730435,10833.626960787495,878.0562923888554,0.014262938190860849
HIP,60122,3711.3334086025134,860.1415866323499,106.4567375198136,0.034459257887011964
HIP,61022,2907.508000023663,5523.462966156629,406.4509900860141,0.0005506513031785102
HIP,22730,3699.7334770741872,898.6669605158366,83.07702122912046,7.629056994288583e-05
HIP,97365,3632.107071783539,3458.839828279287,200.82735937658663,0.0013308779983730939
HIP,98031,2530.731445555575,6670.977918422582,609.0410261780917,0.0006389850106544139
HIP,67665,3565.7870736904442,1689.5783603658829,152.22766258732076,0.00029435034904068576
HIP,85934,3446.3833264878485,1281.3612175651451,131.10290974971235,0.07175806064192147
HIP,22678,4234.050542508485,967.0305840082066,73.18730786245615,0.008989806687660785
HIP,73764,3335.547022148967,2185.125091615299,231.57622728212763,0.00010049841502752454
HIP,98500,3468.331140631344,1065.8014820158967,146.83632264688012,0.045297238990518955
HIP,56127,3957.4654245749116,589.1351611664978,56.37670363644877,0.02236284480347088
HIP,41037,4023.8805547356606,13593.109391502665,419.4956628988631,0.015179627549388048
HIP,79664,4849.003795119934,1461.61255050446,88.97726643640057,0.00012294279647420583
HIP,109102,3856.551136908238,914.587206232668,93.24610143635994,6.417703902945236e-05
HIP,47723,3684.4433307647705,804.5898710980007,85.05643436817776,0.038755289447894116
HIP,104451,2961.9453087076545,10191.207621332947,766.7449791964367,0.001925892431279405
HIP,104974,3552.704834206961,1649.9989481451962,139.4676480786022,0.06547948691292803
HIP,103227,4545.633980445564,1518.6937961234582,95.32705205508006,0.025365197753563332
HIP,114939,3449.0982805669773,1942.8342348484784,154.02985857306362,0.0008941759102826486
HIP,48615,3807.281557287861,870.2712290026894,80.7618038234276,0.03414425211277643
HIP,2900,3778.7424585068948,801.0305562638706,86.74939268246045,0.03662722045236919
HIP,27229,3355.973634773327,1629.6057876880784,170.73700568654706,0.00014483051893843992
HIP,117020,3660.0246676022653,1163.7192694067464,103.0066053973718,0.04550848929189311
HIP,76307,3706.032985007332,1072.0920737557421,116.27930482030278,0.03696818730948183
HIP,85302,3424.8752178275026,1576.6237612598754,152.2460226792254,0.06504426031558802
HIP,109937,4256.898271758109,1455.9212867259043,92.8615358445586,0.008537967027488531
HIP,70401,2440.016035158187,6510.81923411457,615.6209632616246,0.0005031826712835352
HIP,75207,3471.952358854469,1081.1692887928443,132.0925986490061,0.003526925391640965
HIP,30679,5072.91548504727,108.29166774482584,34.3815160702395,0.0006523271280562541
HIP,12086,3599.9916813522577,1335.7963182543658,135.82505869428908,0.0001352267906009531
HIP,102720,3164.2966212474857,2689.474144503524,256.723333068558,0.0002145020774727792
HIP,8240,3612.575912475586,934.3794274437093,121.27024835533891,0.05709169972996354
HIP,117887,3409.5774823834654,1579.513067398775,136.46928743299432,0.06872424657393114
HIP,9171,3264.677157998085,1696.3966286396164,189.2515775614967,0.0596543890671236
HIP,29919,3421.325424145907,3119.0310002632295,293.90909910259546,0.06765147816204058
HIP,35626,3570.167714568088,895.6790937331341,103.5532259484424,0.0010622769743426196
HIP,91494,3621.1811826343182,1013.9715860460284,120.71881624676217,0.04214522539691666
HIP,80197,3606.9404232501984,1166.4959046994436,126.93253744108294,0.04545263233471822
HIP,99082,2800.082495212555,7335.649926706929,516.2668501467308,0.0009732884643972965
HIP,97032,3314.26539789245,1352.8764608286806,216.53006178075225,0.007055445385119838
HIP,74633,3311.9572825497016,824.1753078749615,101.22945383615378,0.0032870847429524526
HIP,33779,3623.2327264406194,1558.8361341294492,169.52836640703998,0.05594497059161935
HIP,85258,4299.97200258309,5742.70393404676,241.40533345136274,0.017946376439621506
HIP,89981,3663.9611770235933,1358.4110762842001,142.50458121425078,0.00012008616809912672
HIP,25194,3546.6108153015375,821.7818669767742,106.55033161097177,0.003351647659372457
HIP,22667,3473.1601424887776,2950.4951019445834,191.31752731852114,0.07059942168645236
HIP,90023,3717.558979948517,696.518265392156,77.67587920754293,0.00010049780084758909
HIP,64460,3349.0762712608557,1195.7561988612101,121.612321782526,0.07920637723201164
HIP,77907,3603.95258476492,1212.8288122289011,138.56060101818267,0.042327817965069146
HIP,8,2541.1428237101063,6927.831117853832,651.0032671884561,0.002941340236016997
HIP,85820,3178.156301379204,17480.378116772834,899.5300842242384,0.0013110331131907596
HIP,50371,4148.5406688647345,3509.8292101321526,197.93162862219117,0.0004344602844416438
HIP,96204,3332.7856267802417,2537.845017171654,193.1625737991981,0.000248584037650715
HIP,117986,3466.5016654506326,1084.7727660827106,116.93728555658947,0.06729745200233106
HIP,63066,3694.1953780740732,852.4162899281083,93.84684065224073,0.0001458677679034583
HIP,38016,3733.3306182351953,822.0981383372209,88.67342184132583,0.02078911684581596
HIP,79086,3330.9382930397987,1250.4511258729551,134.79786436905542,0.08219515304384603
HIP,28874,3176.641699115862,5339.852863999591,366.1100004668423,0.05340156261948551
HIP,106062,3370.473164273426,3043.0133015760316,227.91621740859685,0.07539212208924477
HIP,100261,3339.9003855884075,2393.7038525972566,277.56765452585637,0.08335504090095851
HIP,88128,4655.518951051927,1038.273807037715,60.08521580359516,0.008886157838239284
HIP,76423,3145.062188671727,6543.374494672298,397.07985970038703,0.09159697865449544
HIP,9533,3591.3798707770184,809.8864208095482,91.17998918517563,0.038576335706923676
HIP,64852,3661.828696306766,1811.12243207755,124.45348176543327,0.05377687199528772
HIP,92142,3447.256023287773,1298.8939757388157,155.06277249333348,0.00017283076687544987
HIP,67288,3626.2026112212334,985.8025693627691,99.84976064215809,0.00012036636765703408
HIP,52009,3415.9024698659778,4125.251215317695,270.08367385747374,0.004887680811235275
HIP,77615,2061.2022508960217,8770.544431906535,1000.2825650256018,0.016588250543340018
HIP,79349,3426.726020410424,1921.657987673302,178.85697365039664,0.0723767709111957
HIP,52127,3558.030024692416,1159.859645202212,147.39284667446765,0.10200395102584033
HIP,107140,3322.4352318048477,2587.1012729329304,276.4052309991531,0.056374051099431166
HIP,92111,3956.15391603671,959.8594486138421,82.5038252843378,9.626719599849408e-05
HIP,93605,2953.710565790534,3313.518816346159,323.92232916446125,0.0058042179167463355
HIP,13502,3084.125810265541,26799.94852671939,1124.5010820489636,0.10981369480664183
HIP,100935,2780.318052023649,10381.515178810852,617.7281161851406,0.00253066880741148
HIP,76573,3199.428235766245,2953.4948804868714,228.1367797823661,0.08649866961285384
HIP,112078,3414.311201852979,2141.74382430341,159.96021332216773,0.0696679465441729
HIP,56899,3504.4228680431843,1369.2886988490131,136.94181557368722,0.07475395298559642
HIP,28166,3225.2438205876388,4734.484378052173,441.7300999353309,0.0014487218200357993
HIP,112102,3502.5666201487184,842.9815177023467,110.18160681909279,0.06798449643059515
HIP,75530,3734.973372949753,1515.4020144301546,114.54158626117224,0.02788767497258293
HIP,107315,4223.340208766313,8460.752916619436,223.81476745883515,0.0004184489742242672
HIP,14417,3693.1446231901646,852.0685793788149,104.57973073724688,9.507579587026739e-05
HIP,97630,3616.3536734466106,1522.4211343273753,156.19818630468913,9.74591298454594e-05
HIP,51585,3611.383975391509,1750.9143134626001,143.3142400801107,0.05329362315979859
HIP,63024,3326.020624372177,3106.6826541157907,318.7065166394996,0.0001160729004173508
HIP,73945,3964.1063076257706,739.7323536157891,67.0865785924223,0.027955608043435543
HIP,37379,3951.466754078865,953.7155317078939,78.8498927415506,8.127840533394393e-05
HIP,43215,3361.6373809147626,1663.786973332324,178.9285693620613,0.002205128620946968
HIP,43603,3632.375482376665,730.387465877192,100.77342932703145,0.00015383228770092449
HIP,73350,3649.9075454100966,631.3172143548046,72.1289916783319,0.042362661784540304
HIP,57512,3720.107326693833,938.3489690222515,116.3910394630836,0.00023833726764628665
HIP,96399,3534.156775083393,706.9219465255026,109.73478329304636,0.06293911514413107
HIP,93270,3455.1004772423767,1029.3146097843135,119.04307959308323,0.07016109652742504
HIP,71995,3592.131891346362,1649.4557775541484,141.97798096504582,0.022101899514442518
HIP,99631,4006.008923873742,707.1593964782564,61.10274550351979,0.00015595396711605002
HIP,96111,3433.5132479667664,1636.364326492668,184.07628516092603,0.07748556313294988
HIP,46515,4197.581459283829,1190.2540764407204,86.28630633142174,0.008772793783897469
HIP,50332,3338.353833250585,1796.8962994161839,218.85610576107993,0.05395440941089205
HIP,95902,3215.911674592644,3081.4511607266986,313.97165661870304,0.002899517647774803
HIP,56293,3569.190824960824,712.1196000901797,93.43206875634485,0.06407932376442041
HIP,31099,3533.016147608869,1192.9471558851487,155.20826988511152,0.0001006762726602675
HIP,45455,3823.173402386019,872.014427010555,98.81925300898239,0.022672290562658393
HIP,55639,3129.1872657835484,2210.227991491295,249.59243023746455,0.0003799487591527463
HIP,56518,3504.553619772196,1462.8049123928017,178.42467882306568,7.798255713832018e-05
HIP,40282,3661.209444924316,1157.1692251319182,143.99285759965028,9.036828934882501e-05
HIP,74386,3455.670082939323,2890.821736312187,213.24488804220212,0.08368124906157946
HIP,34912,3556.038753837347,1517.0007236118759,178.3994251716226,0.049439616212409415
HIP,78781,2880.6459081172943,1827.2067359510186,326.72832046485905,0.014924322231211519
HIP,92079,3412.831227108836,1740.25387588063,165.8098014374018,0.00010488067380168579
HIP,55173,3619.89837619476,2371.955206132399,181.2990137379684,0.06166614935136058
HIP,67664,3748.1729574501514,1469.7999201474527,234.548237267238,0.00010549974628233663
HIP,97586,1757.0791244506836,9172.260766975503,1034.9275014060952,0.005855505135019211
HIP,107151,3666.4869882642233,1184.246886519778,101.49287067174873,0.04361984596223122
HIP,46194,3431.5176745617646,1059.1602281834023,148.62484956628148,0.0001286279087902783
HIP,28930,3547.7510926988907,1421.5367548962695,150.67165901127146,0.0005789761716499641
HIP,110346,3462.543054530397,908.9941275605808,117.0073879833199,0.04298031159838504
HIP,81660,4492.064076894894,730.9639449489188,60.42552190749992,8.335084473532716e-05
HIP,92791,3399.874429561605,9004.091110853356,491.566082980907,0.024078021118254706
HIP,63950,3383.19628914629,2230.8402846492822,191.15346121113197,0.07202423309797276
HIP,57505,3206.0242399573326,1897.0016534696206,354.34445290452607,0.005229548608455626
HIP,88657,3566.9321460532956,1585.7942828867,137.6932649334385,0.0002007488628017783
HIP,13756,3516.7179568263236,2097.0537304267446,154.61191015288566,7.979047995632044e-05
HIP,60979,3561.445511877537,1461.9080185459281,176.82387898031615,0.07846176797890882
HIP,118277,3845.5707228183746,985.1044780606616,96.03751570024738,7.104338274143877e-05
HIP,95049,3417.8110321238637,861.5456275951809,103.66007010208315,0.010796652708257288
HIP,79804,3410.5514267319813,2556.34496464087,274.9233440586968,0.07966425122472445
HIP,108133,3661.3297993317246,1403.810430545315,215.8737699003265,0.047097279988051806
HIP,62423,3753.885672800243,890.4992711999496,108.21349976953653,0.024217987844861903
HIP,73497,3706.1590604740195,984.4534143597789,87.93197188954784,0.038968679542000235
HIP,39659,3537.601708229631,660.443319448428,87.47825197124457,0.057409070590375345
HIP,7506,3514.8712053894997,785.5443650175488,134.14930166545068,0.00012926859065792067
HIP,26344,3699.7971183853224,1173.6204306634222,115.02386964443802,0.028175164583869854
HIP,114930,3115.65985199064,1962.294277220571,193.33021116808,0.09252354709145488
HIP,94162,3170.2871680259705,4121.356497331865,834.4435223611986,0.0005156922875456452
HIP,83462,3386.156020317867,1598.3474836124894,184.63473122142673,0.0529356627852027
HIP,45915,3524.9452130302234,2299.88826866822,236.37137076818803,0.06281813764154998
HIP,28404,3454.9424501135945,6318.60388587798,408.61288345622575,0.0003738519494536038
HIP,57362,3437.3939042902202,2330.3984088276575,255.57448894791293,0.06760365262573682
HIP,11293,3558.4603563518613,1682.7837640696796,220.87055055926123,0.07547863294575184
HIP,87808,4399.819287508726,2233.0980939749124,100.74100765121537,0.0004155615890701335
HIP,82172,3619.214574471116,1987.7067897414609,192.14902260318627,0.048420759396319235
HIP,61908,3511.17773368278,430.30692756420564,72.78175267948576,0.00012801394755997478
HIP,82650,3404.489280867856,2898.1739438109153,282.02997585981757,0.0005550052359991661
HIP,51905,3691.833817429142,993.6113657072502,98.04664212888177,0.10678269202451027
HIP,116889,3804.3196530779824,989.7983447522719,89.45807619101906,0.027666305057678656
HIP,112155,3137.1260186471045,1976.6312012837132,256.17041645694775,0.0003487133034914588
HIP,38200,3775.5260782924597,735.3067492421258,81.73127811209221,0.00016255557031014207
HIP,21297,4016.6659471724415,446.9873922440558,48.79111021810863,7.070683519864143e-05
HIP,109070,2638.935645995298,10916.03859417773,745.9963045400433,0.0008372185689417415
HIP,80047,3387.1025562286377,4702.615460846187,333.42031265361896,0.10134854503274943
HIP,69829,3673.22809999343,1423.7692896338601,125.91393190583483,0.0446068256658633
HIP,89678,3899.990149512887,1980.5522018520173,133.22597276677791,0.001752141734730074
HIP,94969,3312.5719634693814,2752.3003354162984,245.16088017303946,0.0003983557425480465
HIP,78276,3876.719069033861,751.8248204063511,81.2290327343614,0.021214592465201233
HIP,80488,2046.3467458575906,13750.72250555692,1281.241083194679,0.009905185278863695
HIP,35152,3708.8185169920325,918.3755361118939,102.5067818629399,0.030039452547674598
HIP,104031,3834.6644389629364,1582.0691281251657,105.59455369535056,0.028844026086291906
HIP,70236,3462.4568004906178,1729.3084992547106,170.93134478481247,0.053523525830770836
HIP,86153,3518.8203734904528,1281.5369167477713,149.6246079435874,0.06304334283594086
HIP,59831,15876750.0,5010880393.7687845,0.009368890751862752,0.007972139151573453
HIP,2215,3168.871896676719,4087.6461465421607,286.7806320106221,0.07887847491444816
HIP,89527,3497.470825430355,1787.9586662982015,139.19497361928447,0.00011199916723234781
HIP,37648,3871.364186843857,2054.156139636442,144.17199673116946,0.00045397854695193113
HIP,112832,4084.6354946494102,846.8174739852008,81.77972323078824,0.02198830840009621
HIP,79754,3532.2796328156255,2082.9970157226016,227.40222032455227,0.00021813768873663148
HIP,105576,3722.1549546718597,867.7360086356268,90.59244910187776,0.026404218829461895
HIP,3632,3477.7196338400245,2222.587710353258,174.78838129843265,0.05209171086730725
HIP,10418,3739.2880684824195,985.0052947467817,148.1230289454862,0.0003041920908366682
HIP,37508,3605.4330810700776,1160.7050559726722,112.93150089212709,0.047209612881514366
HIP,112585,3435.2748858626,597.4592403771287,99.6277054207513,0.00099616580339329
HIP,114347,3416.9097523391247,4437.119184551105,265.22421756710077,0.0001554480985548703
HIP,44481,3304.2272442765534,2144.0796225496283,246.61034416049523,0.08755995553235767
HIP,68937,3488.2965209847316,939.6638000858967,105.4999919334346,0.06416934505468416
HIP,75730,4022.7285731634765,491.70734802747296,53.0598550531877,6.71861038195264e-05
HIP,115590,3618.755739480257,2185.9582867755616,246.82610409978147,0.00021207072904700755
HIP,23453,4270.794395313715,4723.031706903132,200.92670554865182,0.0006693197530057336
HIP,57607,3075.0619246791757,8095.554554182007,566.8676680451134,0.0038279344401061484
HIP,86527,3964.1071479348466,2264.2559100630106,196.61702869093955,0.0017045254916945552
HIP,95038,3646.0697400569916,824.0585243568387,128.26942870865975,0.039866661620018534
HIP,46741,3835.745754278032,920.375960721091,114.90990886465958,0.00013451058351824407
HIP,15219,4793.690531357424,789.9313730384781,53.42270897514985,8.833740397977002e-05
HIP,44050,3158.101246440783,3324.680295752944,253.77203302417746,0.05187055933164692
HIP,95413,2827.16352957068,5706.596798991763,555.9921960432812,0.0561668209068046
HIP,66496,3238.5684722394217,1624.425526223808,177.09270444252317,0.003941807194426019
HIP,54708,3399.855671329424,2041.340931744767,256.1769776769746,0.00019767131423222424
HIP,108869,3312.9932504799217,2206.49933822628,256.3734696921917,0.00012095955003411731
HIP,24441,3346.965926885605,2878.449700255519,200.42745029996775,0.00011082670596379109
HIP,17884,3518.1461459615093,9022.710497488568,797.6849937753097,0.031069514282731192
HIP,44862,2783.3020739629865,2685.2968139100476,287.8687417237539,0.002060433622470469
HIP,54999,3426.6776268807007,2164.4880275406003,183.89007852111297,0.07091522050595606
HIP,51718,3848.2998813015,1353.109309082409,112.27016408464269,0.0005357461386471671
HIP,21476,4799.986003644299,2769.2679909936955,95.8519702780984,0.0005963348449281937
HIP,17373,3383.3048392261844,1526.1814364345516,196.04728421943835,0.00010547714469118229
HIP,1325,3430.3312101215124,1452.3462391211606,129.44992403034445,0.059110423011013255
HIP,49926,3505.9661173359927,1685.8642608240161,223.87735007549037,0.08028511356590258
HIP,39299,3499.8602521419525,1318.9406689429647,165.5132597182093,0.000151631191865452
HIP,33929,3453.0879215028835,1660.823673260047,154.27884945720538,9.708780972413048e-05
HIP,72208,3304.522556318989,4195.125519202032,291.89266408424174,0.0001729887522273634
HIP,35264,3837.4462772905827,9468.78420654462,366.98327554015486,0.0011402323407787233
HIP,112205,3385.262799540069,854.7728724867849,137.3226259739125,0.016151777985751122
HIP,79072,3509.134468785487,1694.7532497135776,146.29901048743946,0.08238677121392253
HIP,69614,3522.830753470771,904.5066566450882,94.15231920330835,0.0604238271690785
HIP,9809,3543.720611351455,1262.3820494057895,116.95937052131698,0.04980077556709065
HIP,52366,3499.894775720313,1460.1303232489277,160.39771946266353,0.07121130752377555
HIP,107036,3162.097324404458,22928.606789374157,1973.9191522682647,0.0023592861203515043
HIP,114404,3352.207093957113,1860.5320746003506,185.0913348890329,0.044866667256235816
HIP,44738,3616.8623206950724,1622.2702512512565,123.45053129453898,0.050867670381199465
HIP,110428,2800.232455674559,4198.943960978204,422.35323064807613,0.0007915981235503664
HIP,32855,4265.9068555163685,1107.1249241940757,84.42900096751522,5.0007610389109256e-05
HIP,82038,3619.942835494876,2144.189694956771,183.218563775808,0.0001441967334290887
HIP,65311,3634.1025262512267,1513.8164090352875,176.26255926575863,0.050787690830620846
HIP,97151,3521.784230300691,904.8164058731495,131.38193258875913,0.00016436883141825168
HIP,85084,3945.0690346659394,492.1335472621782,56.822775686899604,0.0008843218688565366
HIP,92335,3246.46320536267,1827.2629717096838,254.40854844381346,0.10720045050142965
HIP,84649,3776.0989664378576,845.2664235624256,82.14945631857505,0.0014152526220786426
HIP,32494,4199.6194215270225,964.9619664768611,76.17715003209658,0.03264632391451138
HIP,36288,3153.038667924702,9588.989961627347,930.9592199567959,0.0015334956837240261
HIP,53781,3972.670139744878,686.7140052730438,78.03332487372106,0.021941032665064614
HIP,53726,3592.63735735949,1077.9175715079084,114.77382203777952,0.031062194908202848
HIP,86677,3625.1122554064204,1242.9243782411759,106.49287991919718,0.00010453967774522973
HIP,14040,3621.0194437019527,1839.167640997493,132.51691811016903,6.868165302935913e-05
HIP,98162,4263.719657789916,1953.5790039446583,107.662271066343,0.010284215346156788
HIP,94713,4485.506127605913,1439.9045541653743,92.25472631161821,0.0007544066976875525
HIP,88190,3733.379890573269,632.7646660393691,81.40176721452515,0.024363128136754186
HIP,109492,4177.792224898003,5653.596718439977,301.64955153814634,0.00014658518293991562
HIP,42489,3167.4536897987127,4732.031436695836,343.4336846078175,0.0003311225143129782
HIP,13064,3312.394649258349,4931.601894136722,300.0107325707054,0.08057683668120895
HIP,93309,3418.9759440504713,1672.1912067899934,221.80225627966433,0.00011769747721738133
HIP,23874,3572.841808100202,919.9072512082032,98.93516211961567,9.336823769632111e-05
HIP,29048,3668.4910989250056,1204.0556853811938,111.5433565481794,0.04409820809858376
HIP,64445,3788.322097286582,799.4186935472753,76.29349550117063,0.032413904008825004
HIP,75973,3862.2882099988055,2153.739308148735,188.26395402470604,0.001965213096201762
HIP,1809,3674.2015755457396,1382.9659553040763,178.22393997505185,0.003430875966618132
HIP,94646,3554.6081767752185,963.4970103904067,108.03012687455991,0.0002499511550684925
HIP,80898,3872.3213978810236,1559.4577403308617,128.95745533609352,0.035263047875453174
HIP,38639,3933.8071220532584,888.4696278091145,100.55787317719363,0.0010693396165535362
HIP,47066,1738.1057739257812,1271.525372920363,393.78981557647563,0.003825063594945202
HIP,104060,3897.4192021996714,6273.580329106761,250.4312311533081,0.00019938420384577697
HIP,102978,3835.9383767237887,1799.5699099193364,128.1768200677678,0.0006416468723973189
HIP,57504,3157.5327172130346,5050.3821998120575,967.2041943474525,0.0036611805788207344
HIP,22383,3564.6647036774084,1296.4979820836209,197.19010542694832,0.07223549547339797
HIP,117628,3637.3381169047207,1404.776980122584,121.19209829900018,0.02695386835399006
HIP,100501,3748.9819248521235,988.9681240349174,119.62798286907127,0.0020349718971147323
HIP,32246,4425.029037837521,5914.619637989629,193.53130056916115,0.00015209896765577097
HIP,17881,3157.766911536455,5937.743419558086,746.9918347845345,0.09181190559109725
HIP,115433,3535.2721644361736,1092.9224416747827,181.90135944695948,0.06247517970715725
HIP,42088,4399.658378772438,1662.1113330978242,92.79487204614992,0.0018720988247189995
HIP,53809,1900.296715577133,9330.572683631442,19239.94507346158,0.005346677907031338
HIP,13645,3471.6029570333194,1599.4221430762377,190.34270873922418,0.001253998692640053
HIP,29263,3508.184485102538,2038.0895879642824,211.40877555667583,0.07526949619641371
HIP,88838,2929.7775981295854,5849.474123478207,503.601496062946,0.008537520626808329
HIP,38834,3350.1456934958696,5587.968842726633,2140.328111080364,0.003727326845419742
HIP,16319,3505.1220771411317,1798.383238909726,348.44007441979426,0.07560613687097507
HIP,45824,3427.0641719410196,1834.4325356122947,147.59465935748477,0.06978419786998376
HIP,71280,3755.118662617606,866.3490353123947,102.47128291589914,0.03126749466316932
HIP,76008,3894.2961305379868,1491.9657190566852,127.33122805880228,0.00010397007512058262
HIP,69816,2265.3950057923794,5893.606656736473,771.1282410233138,0.0072711654513105016
HIP,60584,3624.5184183865786,1268.4700416671653,184.75725465485985,0.05322786647340011
HIP,33357,3610.4880777047947,3485.0366737511195,346.86565646254,0.000379038604310874
HIP,39023,4733.60900692438,803.0944610416572,55.37874981377434,0.05253775377492921
HIP,38580,3226.7858497942507,3970.1037159865214,358.79101717400596,0.00028953994296599306
HIP,14819,3671.7105916142464,1463.946447393751,114.64664949848215,0.029824043332034752
HIP,40144,3353.817506246778,2212.8180335870925,257.5403540825814,0.0001306330247545372
HIP,6759,3258.8224665840244,13267.210774434629,866.5744353044256,0.020479180844502547
HIP,302,3570.2393899858,1306.9540502121117,226.6183920170621,0.0001043286435877729
HIP,4879,3759.8949909210205,1451.6149559761989,230.8196515608962,0.05345048052659938
HIP,64645,3404.47523932904,941.4195680364654,105.92498726119855,0.06869120660770481
HIP,31363,3428.4417472750647,1133.7807433053356,115.63652341755518,0.00029416061821636744
HIP,53564,3143.3559282124043,1771.8081239497253,325.5114316353563,0.09595813703972275
HIP,106870,3541.464756242931,1472.5402313699851,127.17486629677732,0.0786827422383987
HIP,51821,3351.0783675819403,6287.7264100304665,473.1639865072539,0.019707771972033904
HIP,13268,4099.650383620756,6546.298141127211,229.3126950518456,0.00012115778295807924
HIP,39117,4162.707903685514,546.7390337165491,67.46541253140416,0.020547683779760437
HIP,80079,4837.147283833474,1009.1555392044911,56.176950020616985,0.0028937351173453983
HIP,108928,3141.7186829447746,4641.572010298384,394.5208624257191,0.0009466070922731538
HIP,14824,3631.217041660566,3770.0000258407404,906.6039908800407,0.006295018503696834
HIP,3894,3547.921407222748,694.9616463283783,134.96379161907447,0.06007455711985983
HIP,37465,3622.094975709915,904.6677749081709,103.4502665603104,0.0001141387422072871
HIP,1728,3255.874216556549,7335.299177075125,443.49895846699343,0.0034328901819268972
HIP,85760,3706.7280296981335,1970.5060147358863,243.04505576124,0.04221491593596852
HIP,99675,4077.063089219155,5959.837817578066,334.28298107084396,0.0011009186244628722
HIP,88326,3591.320063833846,2600.5182165933006,186.73335267444884,0.00017422129179608055
HIP,91061,3473.6739040911198,1018.66610849887,165.6785996929213,0.00015225513922023342
HIP,43575,3545.2692877838854,2487.9650259449318,240.20179560945485,0.07987479105829227
HIP,84535,4073.665159381926,1271.3476204612905,177.19693472208428,0.04283994514325872
HIP,107723,3699.6839777450077,900.0605617864584,96.01574996273025,0.00024993791546722144
HIP,41163,3760.763217858039,570.671820622122,64.10754533502833,0.03136423027410407
HIP,56986,5014.959076195955,1297.4851539441,101.7868287348469,0.039720784252460395
HIP,28134,3063.908303156495,2300.5598545238386,685.9822248613203,0.005140947575618533
HIP,104755,3613.91110264929,2603.858127985231,320.4620035920608,0.12367851386665163
HIP,41299,4002.933862444479,514.4653227072586,51.068824969787215,0.027894929911880386
HIP,107956,3420.139881421346,2909.7310898169435,236.25569572940398,0.07924411954485097
HIP,44659,4548.595815263689,473.37233803980087,38.444215943342265,0.005185007987635244
HIP,36334,3452.2586505138315,1312.0995657313183,200.84133525917522,0.000323502884819021
HIP,46221,3941.2461212847847,711.829982922918,63.862921323356446,0.03000552286297067
HIP,117245,3416.364170992747,5420.256315852813,277.26275308088486,0.021382670382234972
HIP,106544,3347.341036000871,3194.2803583498635,206.56693975143187,0.09064306593913327
HIP,49610,3399.7801844775677,1182.973864443287,143.5632923150238,0.04715731748291674
HIP,41400,3518.74730901327,2709.884462847566,185.8426885814805,0.023256488042653026
HIP,71568,4041.903389026411,767.6838401030227,83.28228376068826,0.00018469109119893966
HIP,85355,4355.626904385208,2871.4295922570495,109.12739558510305,0.008332025367149292
HIP,77058,2289.3388153333217,6255.977172917806,674.4389525927406,0.01571425454166653
HIP,8565,3242.6641879812814,4592.216272299825,2342.198027813953,0.00032704639303598673
HIP,6631,3800.0398372265045,741.1267830714461,104.27084724407813,0.00014280441691367186
HIP,116307,3534.297219514847,3169.696539408351,240.09939786563564,0.06365300950003458
HIP,11978,3500.2393321320415,1084.9562236274946,244.5634579959447,0.17436258410022182
HIP,61916,3957.64036533772,772.280986266222,89.56844263421064,0.0013706319524223883
HIP,65936,4700.424090685556,2865.135924387256,133.94967692069662,0.004834734299544561
HIP,20958,3479.954924583435,1639.0012374103783,137.6748886670639,0.0025323887082847195
HIP,84481,3695.633630672819,963.2789206935214,95.37882258322136,9.870955362952012e-05
HIP,116465,3621.4717745780945,1597.14210672585,170.51149958801437,0.042336056528107686
HIP,28816,4273.168879886725,6800.1388832501225,188.5151239396508,0.02427522771644868
HIP,68357,3165.8290200226475,2629.4888779455623,555.6549042256886,0.0005867912395119851
HIP,70026,3161.2308152066544,1804.8777878569251,205.33047037117504,0.00017966960742139528
HIP,33040,3334.948131229612,2067.793390464948,202.72598089110636,0.0003053453590378037
HIP,31484,3064.9673855979927,4759.625151185528,1427.6231989942082,0.0030305595099546323
HIP,24892,3545.7204984501004,1592.8950796028007,235.3189061719247,0.00017634900213196476
HIP,98073,3877.0202634696034,1711.772343271332,184.52071121256503,0.00036222407242488794
HIP,92175,5086.150903010275,1665.3349588764033,59.34262010850748,0.0014995890757141946
HIP,114407,3474.671134901291,1107.9386510430704,135.6844711300662,0.06947212356991993
HIP,54725,3593.414059728384,898.5288675467423,103.66713543894288,7.77237983051018e-05
HIP,64117,3612.044591648737,1345.3826061786044,334.65396421684846,0.00014713144907280555
HIP,96350,3300.2655989397317,2882.6465348194906,948.7896643986373,0.1122196927254345
HIP,7505,3536.694876831025,1163.054394520107,112.00797218075637,0.0626318864466833
HIP,38206,3675.618241727352,1760.2555558763509,146.82881619617845,8.166270667810207e-05
HIP,9001,3683.8498869538307,1651.7876832513637,165.82200496820343,0.043712681455319306
HIP,100300,3682.572923297994,843.3232892983168,142.39595625499402,8.002508326202522e-05
HIP,58795,3573.652047455107,860.2373478245331,123.38435135653877,0.0032816473251444903
HIP,78120,3553.498979359865,1372.2725741794818,132.07308631797824,0.00013856561567972787
HIP,60421,3539.281775429845,1156.9306731957845,115.99793269979023,7.514098307766016e-05
HIP,103645,3599.8104624450207,1071.592544193715,144.83050592950627,0.00024657265666657466
HIP,9999,3603.3349281860865,1033.2865491067803,109.53203218078365,0.05912934111154638
HIP,113249,3591.3270888631814,739.1265064349828,138.3993500363125,0.0016716386126915538
HIP,12239,4109.436795711517,927.9460484689594,119.80778940602026,0.03533883977122876
HIP,23520,1930.2632788941264,12323.567238010477,2133.5365420309163,0.037596448689078056
HIP,108505,3573.9592721220106,2844.697019316034,401.5310943459353,0.0002229480286781725
HIP,107348,4800.230566309765,1789.5677402555348,79.41863447071489,0.0013837886414998243
HIP,96647,2534.7684770822525,5047.068965548674,552.0264573124604,0.0016201196611732543
HIP,39967,2099.8934429508517,6066.203813364284,857.870295752815,0.00562013388032737
HIP,109955,3808.0415984988213,1707.9349519926882,286.0203981864337,0.04439586187955206
HIP,52794,3411.1273057060316,1068.6190952466195,307.6899633392955,0.00022446518792888648
HIP,48519,3601.1245766319917,1907.5410150375815,142.1344283021125,0.05657376684717981
HIP,29451,3664.340378390625,1020.4821462066202,116.61181725635313,0.03148357217912961
HIP,70969,2958.4894521161914,6039.094396888414,542.3870123510973,0.00031321407631689814
HIP,40388,3155.4714838508517,5325.131764577136,585.2293231183269,0.0004796871890353274
HIP,92390,4194.793891701847,505.1293574719056,49.53624382994769,0.00010768218008599488
HIP,114114,3132.282510213554,8995.787464602767,517.3924189602538,0.0047772665667825155
HIP,66783,3099.873071196489,1660.0874600143095,410.4237541041333,0.007939691218446912
HIP,25769,3797.067969455602,2584.375034978167,178.47032087019335,0.040237545861763965
HIP,73901,3746.551947053522,1035.9353642484612,133.39570736007056,0.00164251825239636
HIP,893,3352.4288166034967,1639.2893445549319,182.22144860886164,0.0040332143876172484
HIP,81700,3327.837591029529,1277.5280764884276,245.97836417075803,0.00045490066662689317
HIP,26223,3332.513985671976,2156.7963110475725,185.13430690173197,0.00020256962686251054
HIP,18931,3423.3925451524556,887.7684714577395,120.22397773442685,0.00014445775324953543
HIP,116948,3529.27705924958,1848.4118028432074,468.56638341688506,0.001364261279023893
HIP,36775,3556.249248998938,963.2586462321891,158.69451469731814,0.00021827311756663113
HIP,72122,3721.3083441711206,779.3796045976635,75.71008585707312,0.00010231507735660124
HIP,105224,3699.776612408459,1084.279238575965,95.47884328127515,0.02217619163858884
HIP,67942,4247.077248499045,854.7183559050122,97.6912169004782,0.000325372695912528
HIP,90493,2251.7516434192657,5788.677514417241,798.216449128794,0.013609492691902631
HIP,23123,4316.116081215441,1556.8543864062278,80.07246277676056,0.002340576632191797
HIP,91206,3099.86275434494,9397.78582203757,2425.8564906171123,0.0008367800114390954
HIP,99990,3251.684852162143,12187.685907215402,788.5948228977397,0.0019648739222378375
HIP,77445,3257.1992603503168,1109.6255304360839,342.73657084296144,0.0844838870015084
HIP,109620,3599.8527333140373,1449.7649567496267,207.07789535838705,0.00014674370269093868
HIP,82960,3937.5191161595285,657.2871080064027,69.69570620796931,0.00014908940542028904
HIP,57696,4499.805621355772,2791.949695359743,121.92528205193935,0.06644281530961851
HIP,104968,3910.115308004315,795.9494438961383,115.11039959112789,0.0002690210870206623
HIP,19811,5299.973186329225,1243.63640244739,49.924972808664634,0.006717310858312172
HIP,11648,3485.0629448890686,1793.4305202651271,211.67064688788528,0.11956438050846681
HIP,23033,3617.8396361919295,2251.168832916692,290.6327791740075,0.04620910072407339
HIP,54518,3452.897787094116,1466.309883292515,199.94725003713435,0.08567715923974013
HIP,4363,3681.2864946573973,1901.6517433068343,194.32918369325225,0.00023716631149409297
HIP,77619,2800.024971908424,11454.087184138561,690.9714843085281,0.1047245474298149
HIP,71802,3111.622710507363,2638.886069084442,294.83659481816255,0.005107405840774417
HIP,39433,3238.428284227848,2231.997246347534,242.33376456949566,0.003055486543519134
HIP,115530,3484.3562591082446,3367.2567360124162,370.92967326943835,0.00010279030920927824
HIP,115188,2949.3821694748476,9584.010463654522,699.57217042065,0.10914719081284179
HIP,87190,3370.354389771819,2263.7668165352015,388.9206214240522,0.008001145108668034
HIP,12193,3565.1442731916904,11491.28418136348,621.8773881000521,0.03639245705521187
HIP,103769,3392.9444255792623,1152.1682175395708,119.03915198853753,0.07169113544074865
HIP,28596,3655.679366905242,1540.2905254105804,208.09068445136066,0.04843389646297308
HIP,43251,3534.28891858086,1387.4940988208314,134.43571314039448,0.0873072353164801
HIP,89465,3178.053115680814,1061.8153465763571,288.62708741044867,0.0003601422062537075
HIP,54951,3576.948257907061,3291.103002703752,208.01467847693172,0.022298507650747302
HIP,84769,4200.359968319535,915.3381567806521,127.61649540070353,0.027601323794872307
HIP,43438,3267.4920081254095,3133.1273316970264,361.65892949967923,0.0005998570100233306
HIP,100926,3405.5187494895654,1938.798211757225,162.39838816362396,0.08436401462709778
HIP,101316,3499.8533092439175,1768.7680737148735,154.08557028049057,0.07144057836545269
HIP,78632,3708.0996342143044,835.2659093655351,162.6804967076565,0.04469061790471385
HIP,41224,3787.957666295406,961.1089314649737,110.51750409424794,0.041017130158029616
HIP,42564,3699.6976104564965,1344.3386425301226,161.65768800451622,9.779923715203681e-05
HIP,50230,1999.893798828125,8116.754065761533,1257.637054700091,0.019214558744013222
HIP,110396,3028.2805354068114,2943.739267307904,287.19681445335374,0.01221581754745144
HIP,87850,3325.278095655958,3858.192655741899,433.23990965213875,0.00018568501125823512
HIP,18048,3323.3565933280624,1940.2073982993118,395.48414665612506,0.004833634916959354
HIP,46620,3475.3792460483965,2219.6964508589485,309.8564759999033,0.0001854041629158914
HIP,20776,4720.826197790739,657.3521103402692,97.08914927705457,0.009492836992638717
HIP,85974,3350.8579194545746,5805.339146063844,698.807101303765,0.0011759465931989823
HIP,97142,3383.1276769191027,3514.5906052295695,314.42552250721957,0.00019562037591999446
HIP,89429,3563.3663532265928,906.6251828676028,117.1644220636364,0.0006874585868919651
HIP,108982,3669.970662611304,1292.6949446386172,149.2349478297143,0.04279520911834742
HIP,1074,3674.396218266338,1187.7221489250153,195.75477771128988,8.27423134751341e-05
HIP,89773,4148.607636541128,2044.7674307041195,138.12863111644845,0.024610729852665457
HIP,103828,3447.6099267601967,3354.7335354616557,426.71667890082335,0.00036078755948789254
HIP,20243,3551.7292513512075,1040.4489705417348,101.62767742808823,0.03483451029370017
HIP,15479,3605.1616476476192,1565.8024508633202,148.85913876098104,0.054430543110989625
HIP,97372,3674.212860222906,1428.9747530202849,216.3634917484538,0.05691494991202127
HIP,6502,3710.0974983070046,701.2424210722863,84.8075838221708,0.022283581968361593
HIP,89609,4454.494023229927,1419.218317156029,84.09904893253758,0.00016597734451461463
HIP,109089,3189.0313010197133,11449.79280340441,902.9093893804007,0.050801599117739314
HIP,93820,3013.3574371415307,8508.690105855107,488.75517625588105,0.0055423009056904445
HIP,102440,3217.4274040572345,7947.296672672762,507.015891969807,0.00520902091716637
HIP,53085,2947.3011614754796,19369.24831646334,966.3615266304078,0.08164809778129295
HIP,105678,3350.575793981552,33816.34834099307,1126.5658922999232,0.005934820050487631
HIP,34922,3247.1087746554986,1922.6604114818758,181.31512381915746,0.016103326269967872
W,Aql,1591.827392578125,3697.729380949674,800.6265417258066,0.021099580132689824
