Object,Teff,Lum,Distance,Parallax,Av,logg,[Fe/H]
HIP_69673,4328.411024212837,176.05802750582723,11.257457833918483,88.83,0.0009689766111088,1.6049469334176507,-0.003699823459074
HIP_82396,4501.803719052114,53.712875320111934,19.53506596654289,51.19,0.0016930373651517,2.1569865519407405,-0.011005992412412
HIP_21421,3824.129703640938,412.5296403260325,20.433184063357334,48.94,0.0014651317917797,1.0123621345166205,-0.0058066103483631
HIP_102488,4728.459792332724,55.83979321293721,22.29157348181684,44.86,0.0020360130886802,2.250719432554628,-0.0124547911823645
HIP_61084,3557.254532680963,801.5523559498431,27.151777091599545,36.83,0.0018534845501844,0.5622201710810275,-0.0227964564438575
HIP_72607,4041.8636903486913,435.33069853910064,40.14452051889072,24.91,0.0024863327430015,0.8767000224723147,-0.0386000919357501
HIP_89642,3580.0761038219207,486.38631681885056,44.74272854281895,22.35,0.0038851121447336,0.7808552741921404,-0.0267713357650801
HIP_87833,3972.271453777794,567.2072479400495,47.30369105354218,21.14,0.0034977722316341,0.8272998948441286,-0.0369976847246887
HIP_79593,3765.005320472119,558.7936466840235,52.11119561167078,19.06,0.0046995808502876,0.8412838298468408,-0.0033573753077866
HIP_112122,3438.9730656848405,3065.84600853425,54.25935884109375,18.43,0.0029207918070295,0.1828364555338524,-0.0395874556190157
HIP_21479,2602.078027781099,6775.296951747764,54.614966093257166,18.31,0.0024957700271032,-0.499,-0.0482191530357314
HIP_46390,4166.331286802888,786.0393330561526,55.27915929049583,18.09,0.0023706396231463,0.877624468144599,-0.0083219726404542
HIP_67457,3366.2002558392123,785.0448793150459,56.116723744414415,17.82,0.0037398212181555,0.4725999012121051,-0.0317343439438201
HIP_36377,3935.90391639329,366.84935422350696,59.38242226478393,16.84,0.0026538349402488,1.0719082843831735,-0.0407044859134061
HIP_113881,3531.943148974824,1711.084307063748,60.09615605046771,16.64,0.0044679281918709,0.2347334471597868,-0.028282224938728
HIP_5447,3832.806227356195,1434.8881822955375,60.53268597399125,16.52,0.0042129499881001,0.3913439521513968,-0.0352407627784574
HIP_63090,3576.231247301912,653.6384900849358,59.05485712583956,16.44,0.0028804084787356,0.6505339833215031,-0.0034998445092025
HIP_114724,3765.4805417521857,269.61513881889755,68.62958970105258,16.14,0.0036669281706159,1.1526679873626424,-0.0072314251086657
HIP_45860,3874.932646751404,489.7843402532493,62.266502693269,16.06,0.0025553087600676,0.7984943964060887,-0.0351573243423388
HIP_18543,3773.3000210719183,558.920122047435,59.186813664491424,16.04,0.0029022758044445,0.8432187349091684,-0.0138242876366136
HIP_34922,3247.1087746554986,1922.660411481876,64.06150044803144,15.61,0.002762271947335,0.0586251648320068,-0.0449828677903945
HIP_17678,3695.134800672531,648.7807216545004,65.61679888572792,15.24,0.0030348319662123,0.6871696171720423,-0.0630661414171786
HIP_3179,4717.877911857795,722.4069080568579,69.97900648491864,14.29,0.0055113862750392,1.0656852318144443,-0.058313519331363
HIP_50801,3770.82104254514,772.2561358472772,70.62146968756929,14.16,0.0026842172530253,0.6815115535816081,-0.0467605672162523
HIP_30343,3522.8537895272893,1636.250567750388,71.02272765757131,14.08,0.0038733138008678,0.2481923288184271,-0.0271883806749951
HIP_48036,2102.6882763113827,2259.4232050530813,71.27583884766231,14.03,0.0026028027699975,-0.499,-0.0141224880545182
HIP_6867,3796.7237317934632,534.298030065173,72.95699040166511,13.96,0.0029243843427397,0.862509285363386,-0.0500099368955657
HIP_14135,3660.9872919140616,1748.2150452503113,76.39419315073883,13.09,0.00429550007866,0.3210283937535152,-0.0054485373927453
HIP_75177,3945.0351199531,555.3642760303931,84.31703448127794,11.86,0.0090636735035626,0.8549188862087957,-0.0498294455546862
HIP_73714,3539.937709525184,1692.695140215443,88.4173265162346,11.31,0.010956551832208,0.2455347679050739,-0.0377425923685799
HIP_110256,3316.513168439269,1174.6882767453017,89.12655759364006,11.22,0.004311350616528,0.1824778929685537,-0.0876634421756529
HIP_9347,3759.537853026995,593.6828594950298,93.82338899128028,11.14,0.0035182138727513,0.6672695845518781,-0.0337293628004416
HIP_92862,3332.93900039047,2816.556930342604,92.18650444338572,10.94,0.0070225292615941,-0.0779404209078551,-0.0638884080077248
HIP_10826,3421.657992247492,8370.906133727134,91.6590296962473,10.91,0.004314748284624,-0.2377634528074939,-0.004760379825267
HIP_59929,3391.485014837235,1678.0254213779544,92.42144438121872,10.82,0.0082839847899774,0.0787427278480255,-0.0854592323795359
HIP_15474,3509.634646952036,1486.2389137141574,93.66955945446868,10.71,0.0035789844532535,0.2774157410771183,-0.03470806819216
HIP_14354,3438.387744922657,2924.27691472307,94.33961924644257,10.6,0.0080273884167278,-0.0322051523818061,-0.0590966696473391
HIP_111043,3500.743342228234,1427.9783011468464,105.08077878684178,9.88,0.0040687842424108,0.2357241756491275,-0.07253622227751
HIP_56211,3742.1390474773934,810.7484982545528,102.14504636328134,9.79,0.0036138587823991,0.5118571013734359,-0.0952811836624194
HIP_67419,2123.3225348428823,8542.283751301235,104.27528509789929,9.59,0.0090003630461534,-0.499,-0.0495033201095767
HIP_8837,3492.441364377737,1163.1893453930968,104.82180335415455,9.54,0.0033430919099192,0.2881156776713949,-0.0756412183839479
HIP_89931,4338.569472301751,1414.9458659340698,107.85845801436643,9.38,0.0183701562862378,0.660902665484131,-0.0535972613635933
HIP_13654,3258.7137550046464,1431.896620522596,107.75862379037252,9.28,0.0099035603267561,0.3282247471669341,-0.0338789835300453
HIP_80704,3222.3552095663035,4080.15315174497,110.88935274785676,9.21,0.0055652434491451,-0.1504251489103962,-0.0738943492283418
HIP_84345,3261.19376052171,15159.685886365536,110.25358695112728,9.07,0.0177887446686561,-0.4757702662218115,-0.0273939303660939
HIP_21763,3555.715351982508,1433.2550121962795,131.03037333919616,8.85,0.0044039116560463,0.2714559057584589,-0.0440792565165895
HIP_68815,3154.7158556524664,7861.986804825598,113.12216999309126,8.84,0.0104644282117042,-0.3543931127567008,-0.1096898080932408
HIP_107516,3003.1509579066187,7908.628162894178,123.47334365339483,8.8,0.0073146542095338,-0.2233984466954854,-0.00476741168326
HIP_67627,3533.1102948635817,996.0679135489348,121.50303356573497,8.78,0.0038710068847191,0.3460531102332442,-0.1094309444405153
HIP_84380,4207.381188403815,1145.448404374182,114.16508776747396,8.66,0.0072504805903087,0.7783439496304521,-0.0682958054710043
HIP_101810,3207.617399166338,1837.853293990761,117.61751612857688,8.56,0.0114476353173368,0.1934580283742679,-0.0368527869027037
HIP_29655,3516.886370438151,3164.253285612948,117.92453466763772,8.48,0.0075949489635473,-0.0011518090540807,-0.0451101173782746
HIP_112961,3621.249356726185,1381.5357374528528,112.26797279636368,8.47,0.0051544043539565,0.388368047144926,-0.0148076047524617
HIP_53449,3305.3441048471723,1427.3788239878634,118.24005129772388,8.39,0.0032258586271363,0.4026332007465987,-0.0127391742074667
HIP_82273,4199.931556585652,3829.453841627336,119.76047357065929,8.35,0.0105936441597941,0.2305199441108723,-0.1113640489647692
HIP_9640,4292.884594600182,2929.666560627817,120.4819249421562,8.3,0.0101133303136241,0.3911775084564359,-0.0809549387794878
HIP_97278,4141.439327504486,2184.206322870365,123.41312354055457,8.26,0.0182913928109012,0.4436473145093824,-0.022726189134479
HIP_55219,4174.208238928695,988.874961353502,122.73364073430436,8.17,0.0033041754145052,0.7392148299966617,-0.0669146920868444
HIP_35205,3651.39914790052,854.9748180862669,130.86610229145094,8.05,0.0040630421118235,0.5339808903359287,-0.0611221173048795
HIP_65835,2238.5713901370764,7907.971167549805,137.64398043316348,8.05,0.0110257221288881,-0.499,-0.0543497436830963
HIP_118188,6200.285874316469,2.281916694327325,266.4140423950802,11.13,0.0310071840497363,4.22275199881447,-0.2052621160152107
HIP_106044,3335.37131678313,1655.5669709133883,126.26262504632906,7.92,0.0053454870979697,0.010885222254946,-0.1177238850558287
HIP_51839,3851.246177405119,967.4865963046152,128.04097404949593,7.81,0.0103605800626876,0.5836333098525173,-0.124865313931841
HIP_108924,3472.9152520687785,923.5542161868992,130.03901073590484,7.69,0.009496065208768,0.358373666998002,-0.1154727826756403
HIP_57800,3110.2423023758456,1865.164088142906,200.0686150716965,7.57,0.0055622199461326,0.0054560859541545,-0.0388673939761088
HIP_95947,4379.014960024506,1220.770789200444,120.49019080387912,7.51,0.0130551544411596,0.7812008915159598,-0.0564318861580549
HIP_63642,2524.6158362715505,5073.198538514443,190.30970577526665,7.38,0.0052229514219063,-0.499,-0.0171992746141871
HIP_60781,3411.738006982341,1309.9217696885923,143.9426376357276,7.36,0.0217850117693352,0.1978493046610188,-0.1227519877104748
HIP_78574,3107.3364892043173,4383.551547411737,136.98629779067633,7.3,0.0052526733822952,-0.3586479770020512,-0.100239128385165
HIP_72370,4180.104027092457,1011.5078748924136,145.015652054839,7.3,0.0150721447070385,0.6822075908314202,-0.1414224213293754
HIP_1170,3693.836368620396,1025.9381367568662,139.2128754371497,7.29,0.0041295688760443,0.3577698713591299,-0.0451379245195633
HIP_98688,3461.438684957102,2029.1808716452103,137.9461081293091,7.27,0.019865964959093,0.0774676487269561,-0.064056453650854
HIP_111795,3470.2811954542994,1245.6192817996905,138.31258608048364,7.23,0.0116453709559162,0.244293391405038,-0.1152168128020338
HIP_2210,3563.869194984436,1481.1278106673135,163.509651658151,7.22,0.0041555835009873,0.1788681490937644,-0.0888361643758884
HIP_14456,3554.1706120222807,1029.9652332754108,165.26863012831214,7.15,0.0100988706133279,0.4372711399383702,-0.0175274594213955
HIP_104234,3766.2411441221775,840.5485069064509,140.16486238048455,7.15,0.0090274034918266,0.6341122978798923,-0.0591797899466084
HIP_73199,3400.074370807852,2588.695197087944,140.8450723143708,7.1,0.0042980009330886,-0.096451714512451,-0.1278986924909324
HIP_69269,3659.9595230072737,753.1265541532409,141.24293937513858,7.08,0.017580244473814,0.5866715781516665,-0.0396261772138487
HIP_64569,2884.199883788824,10875.546667348965,162.93905956076495,6.99,0.0065259565982336,-0.499,-0.0079791859448648
HIP_13328,3868.1368338472384,610.2959071512491,129.1178930512578,6.98,0.0183741072705936,0.6471415343809186,-0.0740339461348409
HIP_45058,3126.9991278648376,5338.5708375783615,147.97992040922776,6.97,0.003617237990793,-0.3858474419346764,-0.0759872601366286
HIP_90098,3976.507387646052,843.917877653514,153.75755468171954,6.96,0.0124809158610709,0.6594226563384722,-0.1343035975093325
HIP_18744,3499.9878638307564,1767.9722618145472,142.98123443696602,6.95,0.0041158263618865,0.1060945220661935,-0.1257638866152805
HIP_28328,4658.604919910431,627.3858695636018,139.6701631703448,6.91,0.0036815301902411,1.062090470359192,-0.0946411150880499
HIP_98608,3288.3271143182355,4337.72483234526,145.77259191505237,6.86,0.0071765352230662,-0.1785615762363264,-0.1247894616444462
HIP_9372,3363.782349508256,1813.9300824056136,156.0637882612481,6.85,0.0054993814350709,0.0934528286919746,-0.0231277552986455
HIP_118131,3582.5618374347687,1363.2081902273046,149.6991410863244,6.85,0.0082351881250774,0.2896775682215793,-0.0635148654183594
HIP_17593,3735.8562560984874,1203.570353210902,155.43719039607788,6.78,0.0074527608854066,0.4899976009871221,-0.0325755957796023
HIP_83081,3948.1134688854218,3219.303938422756,159.75769357932063,6.71,0.0294279858451049,0.1491026811156404,-0.1316635023012726
HIP_24169,3199.837728384882,5323.623141391953,159.80608252732995,6.71,0.0063505580333159,-0.2779759685036982,-0.0328023312728439
HIP_51979,3700.331934127025,772.8668178848726,149.47682981268568,6.69,0.0049229952923028,0.5939424477078021,-0.0687102534071831
HIP_45496,3788.121522692964,1242.9073435532655,149.700602649373,6.68,0.0089166315787534,0.4416985094542527,-0.1256489106889888
HIP_23015,4071.890499033034,3608.399906175318,145.2967198509357,6.61,0.0467694320416808,0.3232045735068265,-0.0793204935383094
HIP_56779,3415.1168981939554,1802.2716699798289,161.68487061784248,6.56,0.0037195310059791,0.1449247168322527,-0.0228733835622809
HIP_29651,4371.532715857029,1029.0553162974682,167.0314841244141,6.55,0.0063338830515826,0.8579803651582205,-0.0182538247927362
HIP_27989,3523.2989840582013,69238.08220100479,152.67175127941593,6.55,0.0100071404959208,-0.4233960807103321,-0.0196795017824104
HIP_22626,3537.7595696406206,741.2528221241565,152.90519966863462,6.54,0.0141220086955209,0.4423479999874762,-0.1360020697193124
HIP_36547,3499.70151655376,1400.5088814827595,152.17825877943025,6.53,0.0061601738429228,0.148828429067672,-0.1497167550782168
HIP_45902,3724.0271669230415,1399.21166499113,185.23263240025943,6.49,0.0062970784846598,0.2386887856001101,-0.0809230297091189
HIP_84780,3313.1152304007264,1589.5452763467745,158.41015620344723,6.43,0.0831841304881611,0.3940630589406053,-0.0059137537677283
HIP_25737,3829.817136938218,752.0749416672307,153.03766334901448,6.42,0.0094768153543169,0.7670665189992221,-0.0029170287523052
HIP_66803,3665.798190515488,945.0942506468592,165.39291673661043,6.4,0.0112663852182576,0.5120262584990942,-0.0250210403870231
HIP_42502,3167.340512719966,2625.985917630015,160.81574841755778,6.4,0.004499065286848,-0.0621050947810699,-0.0477931280321761
HIP_69038,3431.8539328780025,1981.4324593517647,163.44249542516638,6.36,0.0044615531697278,0.0038815797945472,-0.1127574986156324
HIP_66666,3241.9882134348154,3453.9730297292663,157.480317325747,6.35,0.0221513593208094,-0.1702785776655586,-0.1199696450837939
HIP_46806,2322.962326046545,4527.765657981652,157.7287028284716,6.34,0.0124582979455505,-0.499,-0.1393632420871819
HIP_72432,3316.0115206521004,2095.9113451448734,164.0949876286991,6.34,0.0347048926078586,-0.0348115747924291,-0.0976058699444125
HIP_17296,3552.346486549359,1270.197523843232,159.23566346990896,6.28,0.0215877108844899,0.1535353450968903,-0.1412064258237812
HIP_116264,3413.6052916814515,1854.308438109807,164.4769388370966,6.27,0.0091539859149229,0.0027554304087527,-0.0628565508629256
HIP_27639,3765.597621613415,1138.302172594682,172.0122355043029,6.24,0.0292876269668402,0.4479460788416651,-0.1038757561015003
HIP_66738,3676.8014846742153,1355.2433913101545,172.28502562769324,6.23,0.0043810971048734,0.2516879823594786,-0.1396612299598285
HIP_105562,3134.486823172774,1633.852430093452,144.52279260664224,6.22,0.0122206645027982,-0.0408639399617332,-0.0944056665951585
HIP_11455,2799.8838378395885,2140.882499704288,224.040522930406,6.2,0.007510757750585,-0.4967134541102975,-0.2068824983934631
HIP_18597,3711.554294452071,1254.050734696489,164.81724400616994,6.2,0.0043970523226801,0.2407334990827481,-0.1437093861277569
HIP_95937,3652.527699152415,925.0056069798648,154.8732356823222,6.17,0.0532541540282852,0.5106080545021108,-0.0075353071630013
HIP_110478,2983.5028302657884,8993.017392551135,163.13213398548268,6.13,0.0047537072759698,-0.499,-0.1167115438830029
HIP_56702,3119.3386810077936,1389.500610431567,164.47368627439909,6.08,0.0269219024161446,0.0460079153212209,-0.1427396862335302
HIP_114318,3104.059077226557,2275.407787771459,242.21438640200023,6.05,0.005504563446218,-0.1723209334279918,-0.1210030894909192
HIP_34909,3458.563259523362,2581.617249170946,191.97113147606507,6.03,0.0061198815422701,0.1955415954872821,-0.0533757788297826
HIP_35120,3529.656360828085,810.0247128075395,171.31099916039008,6.01,0.004955783212806,0.5565225217746081,-0.023771485563256
HIP_15549,3977.197773680091,1295.8204556197472,182.34280866146065,6.01,0.0637394602245575,0.5259827253500027,-0.0883062532295581
HIP_89172,3572.2690927796066,1158.5609522672505,161.24633605536818,5.99,0.0139029988782679,0.3591837730831937,-0.0838266961978219
HIP_62985,3575.4890461696777,1704.6768536686577,177.40613451150176,5.99,0.0075349772309048,0.1928015589536178,-0.0293909222850622
HIP_44816,3821.509640067816,8510.004233320176,166.94491455937538,5.99,0.0067937479196633,-0.1338215575817942,-0.1142747736063815
HIP_57613,3442.541723940521,1701.210216434558,152.12603988735134,5.98,0.0063926101645441,0.0988094929671232,-0.0683644051977977
HIP_69068,3625.728688660456,779.6264263356505,168.35016672843875,5.94,0.0043797762373163,0.4038499803551074,-0.1272431295101836
HIP_34670,4350.515772130311,126.08936713259855,99.81828828154477,10.32,0.0036185947106919,1.6978175790154646,-0.0751151115799336
HIP_47965,3549.174143671989,1493.0299588993669,180.02255149641053,5.9,0.0044486635344721,0.0938453268293022,-0.1500616341701189
HIP_10155,3545.685346242972,1008.9876974424284,196.78037881822303,5.84,0.0257363080716225,0.4055324833310063,-0.0655937119121374
HIP_44824,3865.79777818406,873.6804172950372,161.0567049856777,5.82,0.0052332725252243,0.6484761045508058,-0.0701297964318734
HIP_114489,3248.6765514640138,3260.5901266799274,229.83443402041652,5.8,0.0151271944721937,0.0824975413806532,-0.0200460007818444
HIP_24738,3444.8154776357114,1724.9093613017271,180.20703769436412,5.79,0.0519231936459691,0.0620244061432231,-0.1218159232023421
HIP_115022,3641.613909895532,1425.2931190737056,172.7115728131992,5.79,0.0165931586340189,0.1963897708813702,-0.1296460137368062
HIP_13495,3333.6668089788877,2223.164190707955,232.26294043863797,5.77,0.0526255181190314,0.2473402091385583,-0.0376602666955672
HIP_23840,3530.0439912080765,1476.2528776112033,176.37643580485874,5.77,0.0049647886332647,0.1036362982546608,-0.1564188429369069
HIP_9234,3018.8888795359526,5969.560143599058,174.2160348214087,5.74,0.0209530869544883,-0.4421922240514728,-0.1234899990409678
HIP_106642,3225.0420340627898,5707.680063943636,174.82518123772425,5.72,0.014414370039293,-0.4123823567271936,-0.1237894155284559
HIP_33878,3693.037676140666,1381.2567124182226,231.6284453694981,5.71,0.0088532851988892,0.4196320285382153,-0.0230900000526846
HIP_101984,3665.40912091732,1099.388359563817,188.1555051422612,5.62,0.0259715206369768,0.4208416701764772,-0.0585091176308236
HIP_53907,3827.721916139126,1067.8814159109272,180.0131411792136,5.58,0.0040323852372181,0.4223708953214604,-0.0078032432386235
HIP_102624,3582.47545145452,1871.6565360932632,159.46274333322623,5.57,0.0195494949419164,0.1468768148931589,-0.0139737140747231
HIP_50333,3709.170993044973,836.4641583409176,202.3194652308935,5.57,0.003872795859852,0.5394996591661902,-0.0479774479487106
HIP_98583,3656.247250351589,958.9204073542072,196.81618464345723,5.55,0.0092192839712194,0.4507543174031703,-0.1762668049859328
HIP_9326,3680.581975139212,914.5332743208476,206.79935000208923,5.54,0.0050208956774436,0.1279946700392313,-0.0733867738452621
HIP_82833,3200.1686930656438,5210.298536709504,357.4522069332754,5.54,0.1690462881032173,-0.499,-0.2479978844518428
HIP_97629,2317.2411240730435,10833.626960787497,161.8891916377687,5.53,0.0147106296324696,-0.499,-0.087741782909847
HIP_60122,3711.3334086025134,860.1415866323499,192.61825322966072,5.53,0.0043142764891186,0.4311032737336537,-0.1443253280445929
HIP_61022,2907.508000023663,5523.462966156629,216.63081913493255,5.53,0.004974898778167,-0.4462916709548006,-0.0166803548380167
HIP_22730,3699.7334770741872,898.6669605158366,186.61872789886323,5.52,0.0355104753156889,0.6203319718218396,-0.008166907321631
HIP_97365,3632.107071783539,3458.839828279287,170.59495645422635,5.49,0.0225047153885689,0.0379746905226632,-0.054174237079365
HIP_98031,2530.731445555575,6670.977918422582,181.0267512192848,5.44,0.0086500850479847,-0.499,-0.1542523354470559
HIP_67665,3565.787073690444,1689.5783603658829,171.7528832508679,5.43,0.0047956805043654,0.1670085610541454,-0.0968404332666406
HIP_85934,3446.3833264878485,1281.3612175651451,234.43053022550092,5.42,0.0470132051725375,0.237658385355906,-0.0599775090381545
HIP_22678,4234.050542508485,967.0305840082066,187.3162615545598,5.42,0.1061268751537309,0.8981374575248533,-0.1114890500812856
HIP_73764,3335.547022148967,2185.125091615299,230.37041965186827,5.4,0.0609939124376649,-0.0887552187017979,-0.1495892317792391
HIP_98500,3468.331140631344,1065.801482015897,214.2518014013648,5.4,0.0109790903677859,0.1799670316333026,-0.1617562650289833
HIP_56127,3957.465424574912,589.1351611664978,153.29464361312083,5.4,0.0038436866437483,1.063936292143841,-0.0080318906168604
HIP_41037,4023.880554735661,13593.109391502663,185.5287615530171,5.39,0.0102265729891237,-0.1174143704529635,-0.1585311019488811
HIP_79664,4849.003795119934,1461.61255050446,201.80707379646688,5.37,0.0416794730376839,0.6647669603950712,-0.1789596194127704
HIP_109102,3856.551136908238,914.587206232668,206.17835147139988,5.36,0.0208323619716637,0.5486470305269515,-0.1448060137675915
HIP_47723,3684.4433307647705,804.5898710980007,187.2215358334574,5.34,0.0037107473741945,0.5278103656049238,-0.0453307340295754
HIP_104451,2961.9453087076545,10191.207621332947,187.61726347355744,5.33,0.010502197098736,-0.499,-0.1728105529638005
HIP_104974,3552.704834206961,1649.9989481451962,212.2667476214588,5.33,0.0115400023503004,0.2107056087654468,-0.0554951501991836
HIP_103227,4545.633980445564,1518.6937961234582,180.9936352362473,5.33,0.006415385319787,0.6945932379269433,-0.1530405166034516
HIP_114939,3449.0982805669773,1942.8342348484784,164.07462973804655,5.32,0.0062789890115807,0.1476788590328484,-0.0220552613799051
HIP_48615,3807.281557287861,870.2712290026894,178.66507354971628,5.31,0.0049025528940918,0.7619908757428031,-0.0581294261925556
HIP_2900,3778.742458506895,801.0305562638706,189.03591818736257,5.29,0.0141884323701059,0.6797290466238581,-0.1317031678750111
HIP_27229,3355.973634773327,1629.6057876880784,234.3950987809909,5.28,0.0051679494067715,0.0923455759460276,-0.0937308104558533
HIP_117020,3660.024667602265,1163.7192694067464,195.1459827542156,5.27,0.009705227007434,0.4190429775576776,-0.0349838360690813
HIP_76307,3706.032985007332,1072.092073755742,200.318949636564,5.27,0.0067335592851641,0.3784965695638034,-0.1254301424974518
HIP_85302,3424.875217827502,1576.6237612598754,219.6963830731386,5.26,0.0360003418061342,0.1300658155734222,-0.06384367641092
HIP_109937,4256.898271758109,1455.9212867259043,201.9949502434293,5.25,0.0192811666177092,0.6543253213228217,-0.1230366457444001
HIP_70401,2440.016035158187,6510.81923411457,157.44406937029314,5.24,0.0057344735112052,-0.499,-0.0681807219150275
HIP_75207,3471.952358854469,1081.1692887928443,227.32245282360847,5.21,0.0929017261085654,0.2339181348966832,-0.1205130052243815
HIP_30679,5072.91548504727,108.29166774482584,351.84733478799654,2.35,0.0588210157569722,1.223286649651453,-0.2912154994336942
HIP_12086,3599.9916813522577,1335.7963182543658,208.51587070673276,5.16,0.0364052376617156,0.2529242942670722,-0.1181146064235756
HIP_102720,3164.2966212474857,2689.474144503524,247.0817220100533,5.15,0.0307523929360355,-0.1901204154149667,-0.0962213091036323
HIP_8240,3612.575912475586,934.3794274437092,194.5525342364914,5.14,0.0042827664603531,0.3670291883397469,-0.1496744060323798
HIP_117887,3409.5774823834654,1579.513067398775,183.30798188042343,5.12,0.0070581257268298,0.1978483099927706,-0.0003498276833872
HIP_9171,3264.677157998085,1696.3966286396164,199.12994723690383,5.11,0.0202720325142687,0.0326967362701875,-0.1025983606317706
HIP_29919,3421.325424145907,3119.031000263229,210.28395935080636,5.11,0.0178640727567299,-0.1122650046460629,-0.1827653717375505
HIP_35626,3570.167714568088,895.6790937331341,213.4257384783972,5.1,0.0067222164173955,0.4669893494939749,-0.0929284232014571
HIP_91494,3621.1811826343182,1013.9715860460284,196.078435039117,5.1,0.0243808986601132,0.3539117076509823,-0.1333925865137809
HIP_80197,3606.9404232501984,1166.4959046994436,198.07665213138893,5.09,0.0090091760721356,0.2709613147499432,-0.1097440069509651
HIP_99082,2800.082495212555,7335.649926706929,197.3104279896216,5.07,0.0370678722169778,-0.499,-0.0900222439959451
HIP_97032,3314.26539789245,1352.8764608286806,244.53916203338588,5.07,0.0125685739424544,-0.1021843588636848,-0.2006155276458983
HIP_74633,3311.9572825497016,824.1753078749615,195.3634895738577,5.06,0.0406827974450872,0.4524926159653297,-0.008230806587284
HIP_33779,3623.232726440619,1558.8361341294492,220.84005786596688,5.05,0.0063614985661718,0.2631974512376809,-0.1709134730612559
HIP_85258,4299.97200258309,5742.70393404676,217.8149210482501,5.05,0.0499126245996985,0.0867209244197493,-0.1776775395328795
HIP_89981,3663.961177023593,1358.4110762842,201.8634737651087,5.03,0.0086251875736697,0.2578532055890026,-0.1514598274266977
HIP_25194,3546.610815301537,821.7818669767742,186.44874085835505,5.02,0.0038729281727259,0.432635416196673,-0.118485853446532
HIP_22667,3473.1601424887776,2950.4951019445834,172.02890407951915,5.01,0.0736461229805938,0.1971068424823094,-0.0423224581998292
HIP_90023,3717.558979948517,696.518265392156,184.1347826307365,5.01,0.0256026367502668,0.6842349242138415,-0.0726612232153843
HIP_64460,3349.076271260856,1195.75619886121,251.81464089890792,5.0,0.0074468797007615,0.3132980614148479,-0.0077266111644775
HIP_77907,3603.95258476492,1212.8288122289011,200.40081079521156,4.99,0.0065089147338675,0.2681286041936124,-0.136178587181244
HIP_8,2541.1428237101063,6927.831117853832,604.6860130243493,4.98,0.0396475614583787,-0.499,-0.2581106659658482
HIP_85820,3178.156301379204,17480.378116772834,749.9390614556341,4.98,0.0906927620832985,-0.499,-0.5281405042335816
HIP_50371,4148.540668864735,3509.8292101321526,201.61290167521736,4.96,0.0285844947461607,0.173022609062726,-0.1750872243495506
HIP_96204,3332.7856267802417,2537.845017171654,213.13315694716843,4.94,0.068579077191595,0.0056831675268407,-0.0202983530213574
HIP_117986,3466.501665450633,1084.7727660827106,246.9714000956864,4.93,0.0154557548572296,0.3718514112613418,-0.0647884891896042
HIP_63066,3694.195378074073,852.4162899281083,202.8397636551223,4.93,0.0171408366698077,0.4486120050819342,-0.1372496197245689
HIP_38016,3733.3306182351953,822.0981383372209,180.5288102601848,4.93,0.0056138020116553,0.5046516508324932,-0.0990934737951895
HIP_79086,3330.9382930397987,1250.4511258729551,181.3254205446956,4.92,0.0321798794075511,0.0916899386464011,-0.0271493417220199
HIP_28874,3176.641699115862,5339.852863999591,252.55585072558583,4.92,0.0058087491379265,-0.2378890476536268,-0.103143114443521
HIP_106062,3370.473164273426,3043.013301576032,225.38932143759328,4.9,0.0265545157626037,0.0738804103343202,-0.0848818137899882
HIP_100261,3339.9003855884075,2393.7038525972566,205.3388138601976,4.87,0.0097836989753512,-0.1626025709362082,-0.1892537379115569
HIP_88128,4655.518951051927,1038.273807037715,230.7354572391671,4.86,0.0451891225450425,1.0944813375032665,-0.0664029706880762
HIP_76423,3145.062188671727,6543.374494672298,215.861058070841,4.86,0.0152867369824733,-0.3206653959909804,-0.0561786997995038
HIP_9533,3591.3798707770184,809.8864208095482,212.7141235892429,4.85,0.0210410773312597,0.3961314553187698,-0.0495325606575358
HIP_64852,3661.828696306766,1811.12243207755,210.1157099117472,4.83,0.0058497308247815,0.4751854198002423,-0.0200259425721676
HIP_92142,3447.256023287773,1298.8939757388157,267.3722835472376,4.82,0.0812994410200565,0.1571027527881918,-0.1314323219827922
HIP_67288,3626.2026112212334,985.8025693627692,194.8061629339816,4.82,0.0177313057092828,0.4775597607467903,-0.059673832819661
HIP_52009,3415.9024698659778,4125.251215317695,208.33332505491077,4.8,0.0050290321459052,-0.2425175606856564,-0.0481884756244417
HIP_77615,2061.2022508960217,8770.544431906535,472.4183332540638,4.78,0.0213295387086034,-0.499,-0.1227158374449821
HIP_79349,3426.726020410424,1921.657987673302,208.1816662813764,4.78,0.0131026343961734,0.0137761710409316,-0.0828052405196914
HIP_52127,3558.030024692416,1159.859645202212,209.20501173787488,4.78,0.0305964744966772,0.3193380137602499,-0.1771032440851267
HIP_107140,3322.435231804848,2587.1012729329304,233.1994905813068,4.77,0.0203371142923399,-0.1492452670516399,-0.1655566113389005
HIP_92111,3956.15391603671,959.859448613842,224.7825704503701,4.77,0.101541348837377,0.621194308818112,-0.0854212543382707
HIP_93605,2953.710565790534,3313.518816346159,217.8595244354316,4.76,0.0799443597207888,-0.3220001715166534,-0.0839174216439716
HIP_13502,3084.125810265541,26799.94852671939,210.0840235116771,4.76,0.0042878556962345,-0.499,-0.1593118969890114
HIP_100935,2780.318052023649,10381.515178810852,185.92479170567464,4.75,0.0237556115654313,-0.499,-0.0878071828768544
HIP_76573,3199.428235766245,2953.494880486872,198.42971913429236,4.75,0.0102542246475098,-0.0473593994589984,-0.082171056288917
HIP_112078,3414.311201852979,2141.74382430341,268.4319914085748,4.74,0.0194630903325037,0.3544789688443153,-0.0238661251699368
HIP_56899,3504.4228680431843,1369.2886988490131,264.8068243684474,4.74,0.0067203373152464,0.227129099253454,-0.0755973880584886
HIP_28166,3225.2438205876388,4734.484378052173,417.2135585963277,4.73,0.0729171218575966,-0.4056142347442852,-0.1605446514251158
HIP_112102,3502.5666201487184,842.9815177023467,201.15425971373037,4.73,0.0052230817257078,0.3285072178642307,-0.0983101204198446
HIP_75530,3734.973372949753,1515.4020144301546,244.2047907288716,4.73,0.0142711925887709,0.5157671163443034,-0.0648741829782133
HIP_107315,4223.340208766313,8460.752916619436,211.4164896337316,4.73,0.0150707357843821,0.0847491522144885,-0.0362419207494428
HIP_14417,3693.144623190165,852.0685793788149,211.8644161972296,4.72,0.0168346666306366,0.3033974118445242,-0.2053266423150052
HIP_97630,3616.35367344661,1522.4211343273753,216.92572753977555,4.71,0.015337099250286,0.1864411050087699,-0.1348728868279876
HIP_51585,3611.383975391509,1750.9143134626,264.7000438713784,4.7,0.0044168390776309,0.1991400050778562,-0.0645617609356572
HIP_63024,3326.020624372177,3106.6826541157907,232.26126163202235,4.69,0.004890467892026,-0.2188916992682896,-0.1687867077015541
HIP_73945,3964.1063076257706,739.7323536157891,194.57952419406053,4.69,0.053016140759696,0.9145174415984024,-0.0544172630283806
HIP_37379,3951.466754078865,953.715531707894,212.23815061172192,4.69,0.0084163781661302,0.6723823770143307,-0.0558167234619833
HIP_43215,3361.6373809147626,1663.786973332324,225.73371462132545,4.68,0.0096916040853962,0.0497972552440888,-0.1077718111229402
HIP_43603,3632.375482376665,730.387465877192,224.3108726651296,4.67,0.0088468556919676,0.4822727336012522,-0.1394121715949297
HIP_73350,3649.9075454100966,631.3172143548046,197.94171209739267,4.65,0.0195780128043983,0.6675520544786715,-0.0157624282340149
HIP_57512,3720.107326693833,938.3489690222516,215.51724758074505,4.64,0.0450922158751671,0.4394148036434551,-0.1801858727187736
HIP_96399,3534.156775083393,706.9219465255026,192.1883105932384,4.63,0.0109945914901593,0.3670964099492178,-0.152315541055587
HIP_93270,3455.1004772423767,1029.3146097843137,209.91566790509768,4.63,0.0355915295356203,0.3344161616730954,-0.0812154995217125
HIP_71995,3592.131891346362,1649.4557775541484,183.04723492059983,4.63,0.0067937565017914,0.2181875598214659,-0.0815735894412204
HIP_99631,4006.008923873742,707.1593964782564,210.67486454272287,4.61,0.0571229017506393,0.8674972117821427,-0.0037108325209369
HIP_96111,3433.5132479667664,1636.364326492668,269.89126725081223,4.59,0.0565136693728567,0.0652373737901754,-0.1376014630165382
HIP_46515,4197.581459283829,1190.2540764407204,215.13375712594583,4.59,0.0082099568102088,0.6527703440181614,-0.125639329982053
HIP_50332,3338.353833250585,1796.896299416184,219.29824836586545,4.56,0.0147067913472391,-0.0216794192106108,-0.1692828545071433
HIP_95902,3215.911674592644,3081.4511607266986,219.78021056708823,4.55,0.0118293864866998,-0.1587899924169251,-0.1571825992487329
HIP_56293,3569.190824960824,712.1196000901797,220.26431903136935,4.54,0.0077891573483693,0.4669954885015013,-0.0988070174751236
HIP_31099,3533.016147608869,1192.9471558851487,277.26336304566456,4.53,0.0058472717153425,0.1899298763188666,-0.1651130432176699
HIP_45455,3823.173402386019,872.014427010555,220.75054165225012,4.53,0.0052079112632269,0.6224299377861247,-0.1825378348854801
HIP_55639,3129.1872657835484,2210.227991491295,356.5763732044098,4.52,0.0079593994999107,-0.1372593679701603,-0.1208287235268885
HIP_56518,3504.553619772196,1462.8049123928015,221.2389389866809,4.52,0.0172322010434763,0.1709222599399602,-0.1613662517199842
HIP_40282,3661.209444924316,1157.1692251319182,240.12752799525325,4.52,0.0108991913647111,0.2396318234129939,-0.1824245482230087
HIP_74386,3455.670082939323,2890.821736312187,291.97832279394754,4.51,0.0119790191916482,0.1300727469895921,-0.0946594669053736
HIP_34912,3556.038753837347,1517.000723611876,222.4856025714407,4.51,0.0109230510427659,0.0877593843078701,-0.1722233762493722
HIP_78781,2880.6459081172943,1827.2067359510183,310.37316955408454,4.49,0.2004287137781503,-0.3749507920060351,-0.1937725622131574
HIP_92079,3412.831227108836,1740.25387588063,224.58147818100488,4.49,0.1156416769576551,0.1215492182971145,-0.0752175545820258
HIP_55173,3619.89837619476,2371.955206132399,252.01042524152157,4.48,0.0072382461171103,-0.0042773013574093,-0.0947148054395205
HIP_67664,3748.172957450152,1469.799920147453,283.965456150435,4.48,0.0863840869733363,0.0946613802231048,-0.2598031258753889
HIP_97586,1757.0791244506836,9172.260766975503,620.6210700370189,4.48,0.1552200548010031,-0.499,-0.0820532953031625
HIP_107151,3666.4869882642233,1184.246886519778,213.3654326153236,4.47,0.0138034154100203,0.4148333446174392,-0.0211147123226622
HIP_46194,3431.5176745617646,1059.1602281834023,224.2152447190285,4.46,0.0092934036529147,0.2323112910750273,-0.1544475024159664
HIP_28930,3547.7510926988907,1421.5367548962697,263.8489436689813,4.44,0.0544676992287634,0.2087438806796724,-0.129250649130349
HIP_110346,3462.543054530397,908.9941275605808,226.1657034999297,4.43,0.0170636894945107,0.2655605329187054,-0.1020928499927025
HIP_81660,4492.064076894894,730.9639449489188,220.55641337033725,4.43,0.0059021638199278,0.8229728508890206,-0.1966438768279208
HIP_92791,3399.874429561605,9004.091110853356,228.0233136210093,4.43,0.0152042786796584,-0.3711284043524712,-0.1360595188371405
HIP_63950,3383.19628914629,2230.8402846492822,184.7430163213288,4.43,0.0045776608346993,0.013806081503584,-0.0709252006199092
HIP_57505,3206.0242399573326,1897.0016534696208,234.56163293124,4.42,0.0974121703211779,-0.2754417678126835,-0.2243513728810358
HIP_88657,3566.932146053296,1585.7942828867,182.1525196607613,4.42,0.0252313253712048,0.2394738120661701,-0.0687716304894559
HIP_13756,3516.717956826324,2097.053730426745,309.6639078858718,4.42,0.0596799842155093,0.1684467970746777,-0.0242963977505321
HIP_60979,3561.445511877537,1461.908018545928,270.6449079664129,4.42,0.0192698121508062,0.0940664594831028,-0.1782553227097432
HIP_118277,3845.570722818375,985.1044780606616,270.1781860236764,4.42,0.0055732669164345,0.5187013454721852,-0.1322054997751753
HIP_95049,3417.811032123864,861.5456275951809,209.7901897682208,4.41,0.0974384278713999,0.3517331044052376,-0.0384296429061665
HIP_79804,3410.5514267319813,2556.34496464087,216.11004927321704,4.41,0.0055401296680415,-0.1294953960958551,-0.1845682050183624
HIP_108133,3661.3297993317246,1403.810430545315,250.3248252127813,4.41,0.0165181346810607,0.0455208418622463,-0.2419197445529531
HIP_62423,3753.885672800243,890.4992711999496,235.4144375393257,4.4,0.0054066844764407,0.4573180935401493,-0.2130776666428197
HIP_73497,3706.15906047402,984.4534143597788,219.9326244018418,4.39,0.0338766460935286,0.5012368766954878,-0.0105702412504949
HIP_39659,3537.601708229631,660.443319448428,184.90355257592637,4.38,0.004486163412025,0.4820007549619314,-0.0710435929936867
HIP_7506,3514.8712053895,785.5443650175488,228.832957937724,4.37,0.0049008563400023,0.3398258466876092,-0.1922293778857498
HIP_26344,3699.7971183853215,1173.6204306634222,265.898852184524,4.37,0.0750503281080876,0.3471834809866765,-0.2129993059371889
HIP_114930,3115.65985199064,1962.294277220571,239.56928477517795,4.36,0.0171510200571705,0.1551931750104964,-0.0440368374177355
HIP_94162,3170.2871680259705,4121.356497331865,438.44321059469496,4.35,0.0422850857506716,-0.499,-0.3812447728094876
HIP_83462,3386.156020317867,1598.3474836124894,242.63392221922837,4.35,0.0107182026666203,0.0524546122291083,-0.1396864331324036
HIP_45915,3524.9452130302234,2299.88826866822,224.28462905450235,4.34,0.0051930721543219,-0.0956103427321446,-0.1853065339727182
HIP_28404,3454.9424501135945,6318.60388587798,226.09164352877517,4.34,0.036330979633891,-0.298529337864271,-0.1610560996542969
HIP_57362,3437.39390429022,2330.398408827657,307.62979674763125,4.33,0.0055018422764179,-0.1792345427302901,-0.1784423533929478
HIP_11293,3558.4603563518613,1682.7837640696796,230.9468862863393,4.33,0.0063613127694158,0.0035351260709983,-0.2086988596583818
HIP_87808,4399.819287508726,2233.0980939749124,238.07500063691765,4.33,0.0125083871132107,0.4691525612339844,-0.1431217896000787
HIP_82172,3619.214574471116,1987.7067897414609,235.5004847882304,4.32,0.0081522649453813,-0.0017028344025789,-0.1570062101926205
HIP_61908,3511.17773368278,430.3069275642056,185.9174678191499,4.32,0.0100029311369252,0.7286083455437753,-0.0868011323715109
HIP_82650,3404.489280867856,2898.1739438109157,233.17455440235173,4.31,0.1448940658716254,-0.1737803339495744,-0.1578517957608522
HIP_51905,3691.833817429142,993.6113657072502,282.3215771286769,4.31,0.0061644023593097,0.6758911963507876,-0.0792813834550671
HIP_116889,3804.3196530779824,989.798344752272,232.08278190261936,4.31,0.0055739179717095,0.6035928701467488,-0.0716980386246805
HIP_112155,3137.1260186471045,1976.6312012837127,334.7627124937687,4.3,0.0258507381447994,-0.1474368696927674,-0.1566768769214963
HIP_38200,3775.52607829246,735.3067492421258,214.58945621780225,4.3,0.0068039925552467,0.6700042005726292,-0.1172397981543229
HIP_21297,4016.6659471724415,446.9873922440558,170.87926418603396,4.29,0.0105028447495866,1.0548652253712718,-0.0266366860031351
HIP_109070,2638.935645995298,10916.03859417773,386.1592827826608,4.28,0.037615785364382,-0.499,-0.2198022606164763
HIP_80047,3387.1025562286377,4702.615460846187,206.89247259931375,4.28,0.0358612484250567,-0.2286885670354141,-0.2001620185346948
HIP_69829,3673.22809999343,1423.76928963386,298.30930304206504,4.28,0.0084642370675852,0.2083784434842082,-0.0783709229984447
HIP_89678,3899.990149512887,1980.552201852017,222.2227177666236,4.28,0.1003654964127082,0.3456015387058526,-0.1006926164384711
HIP_94969,3312.571963469381,2752.3003354162984,285.1615456008074,4.27,0.0702337150743942,-0.1008196862925947,-0.1090179279349493
HIP_78276,3876.719069033861,751.8248204063511,246.6380018234468,4.27,0.0083286438956725,0.7363018554065532,-0.1461530960426422
HIP_80488,2046.3467458575903,13750.72250555692,404.656928480534,4.26,0.0227396278787182,-0.499,-0.1302830572129779
HIP_35152,3708.818516992033,918.375536111894,245.50482175067972,4.24,0.0087310797309835,0.4470760313388093,-0.1143680108340585
HIP_104031,3834.664438962936,1582.0691281251657,338.20701776268976,4.24,0.0238780690517651,0.5997105599341235,-0.0324211483941374
HIP_70236,3462.4568004906178,1729.3084992547106,218.6460695903569,4.23,0.0063493983621919,0.0714926959185096,-0.1068261461986395
HIP_86153,3518.8203734904528,1281.536916747771,286.4307781916331,4.23,0.019518481586139,0.1929207465837557,-0.1317868818569002
HIP_59831,15876750.0,5010880393.7687845,229.10648779976657,2.33,0.0046218817938037,5.999,-0.1481834404323451
HIP_2215,3168.871896676719,4087.6461465421607,275.5107886005773,4.22,0.0064146901387189,-0.0839264063290334,-0.0556184831553861
HIP_89527,3497.470825430355,1787.9586662982017,239.07701331500292,4.22,0.1318522820566846,0.2351373487449839,-0.0099177352969784
HIP_37648,3871.364186843857,2054.156139636442,239.7696782624128,4.22,0.007183784415191,0.243169880239451,-0.1135895288886847
HIP_112832,4084.63549464941,846.8174739852008,269.18903372523056,4.22,0.0060008695326969,0.6721362326084259,-0.1683688605988574
HIP_79754,3532.279632815625,2082.9970157226016,241.21881311364012,4.21,0.0928021740747957,-0.0203246439353801,-0.1922765460791157
HIP_105576,3722.15495467186,867.7360086356268,232.4050437637076,4.21,0.0100430783793329,0.4885154818704,-0.0893322858454589
HIP_3632,3477.7196338400245,2222.587710353258,223.0562933126067,4.2,0.0106242406696439,0.0773980991804244,-0.0594475774336716
HIP_10418,3739.28806848242,985.0052947467816,238.0952489078726,4.2,0.0069737330328092,0.2150542226411955,-0.2170372532999238
HIP_37508,3605.4330810700776,1160.7050559726722,252.81733075018727,4.19,0.005317587071776,0.3257439724391178,-0.0588673313647425
HIP_112585,3435.2748858626,597.4592403771287,239.80814908970987,4.17,0.034785099873019,0.4780718047482293,-0.1805871701994491
HIP_114347,3416.9097523391247,4437.119184551105,239.8081490897099,4.17,0.0178631381017618,-0.1689972927860035,-0.0361633550045813
HIP_44481,3304.2272442765534,2144.0796225496283,244.1474733643269,4.16,0.0046600416949035,-0.1421194384723643,-0.1516190217787376
HIP_68937,3488.296520984732,939.6638000858968,245.3499533263217,4.16,0.0238262240298406,0.414162450809199,-0.0601336832936119
HIP_75730,4022.728573163477,491.70734802747296,197.0778850626414,4.16,0.0696698307164338,0.9816778016005396,-0.0566258426685799
HIP_115590,3618.755739480257,2185.9582867755616,250.373852048288,4.15,0.0375318771436194,-0.0643573289895487,-0.2181183838067243
HIP_23453,4270.794395313715,4723.031706903132,241.5821891462706,4.15,0.1336896093696613,0.2072242591960771,-0.1574201602156168
HIP_57607,3075.061924679176,8095.554554182007,215.249687112416,4.14,0.0117428858655921,-0.4898909609692596,-0.1258127249806072
HIP_86527,3964.107147934847,2264.2559100630106,401.9831134701684,4.14,0.1747006921471155,0.1109974164366027,-0.2111003322193875
HIP_95038,3646.069740056992,824.0585243568387,242.130743895965,4.13,0.0095024758220327,0.332746891884887,-0.2017569641081655
HIP_46741,3835.745754278032,920.375960721091,242.13074389596505,4.13,0.0582822368669951,0.4624918798516431,-0.2276354261803468
HIP_15219,4793.690531357424,789.9313730384781,238.1719033242723,4.13,0.0976260183225258,0.8461455351756375,-0.1828653146002002
HIP_44050,3158.101246440783,3324.680295752944,271.70011216614336,4.12,0.0043357428038669,-0.0206380363684717,-0.0510778887566876
HIP_95413,2827.16352957068,5706.596798991763,205.0867761414592,4.12,0.0102827725763712,-0.4656043008220853,-0.1563726198915279
HIP_66496,3238.5684722394217,1624.425526223808,340.5526846880591,4.12,0.0073816815344833,0.0893854908373121,-0.0790284935096715
HIP_54708,3399.855671329424,2041.340931744767,242.71845334391324,4.12,0.046713311623478,0.0271078771858785,-0.2039078070429729
HIP_108869,3312.9932504799217,2206.49933822628,321.3400742947566,4.11,0.0074803107319255,-0.1363535098984334,-0.1660929749859671
HIP_24441,3346.965926885605,2878.449700255519,322.9420040037547,4.1,0.0410874779733424,-0.0296981979438673,-0.0031722850525049
HIP_17884,3518.1461459615093,9022.710497488568,284.8506402955451,4.1,0.1260843576837377,-0.3235671199149799,-0.2536716423010767
HIP_44862,2783.3020739629865,2685.296813910048,252.42254106909684,4.09,0.0042042890011355,-0.2844017158356964,-0.0576651520354985
HIP_54999,3426.6776268807007,2164.4880275406003,321.8682449667002,4.09,0.0059338186707099,0.0356535569593639,-0.0700576485889267
HIP_51718,3848.2998813015,1353.109309082409,254.80734214058316,4.09,0.006755205722086,0.4415796261197076,-0.1022455470006118
HIP_21476,4799.986003644299,2769.2679909936955,268.461365975726,4.09,0.1662289295455452,0.4870870913165728,-0.1752449178753356
HIP_17373,3383.3048392261844,1526.1814364345516,327.16687161139936,4.08,0.0058947334305766,0.0258807056006311,-0.1670269373420385
HIP_1325,3430.3312101215124,1452.3462391211606,334.90431848075485,4.08,0.0178483570583737,0.2770183495271405,-0.0108146603203288
HIP_49926,3505.9661173359927,1685.864260824016,245.7002353372873,4.07,0.0314744853192759,-0.0507055914546903,-0.2072076728873146
HIP_39299,3499.8602521419525,1318.9406689429647,282.22925634326253,4.06,0.014813388987719,0.1508917527070119,-0.1684355786520615
HIP_33929,3453.0879215028835,1660.823673260047,238.93513228076444,4.05,0.0084278360131313,0.1574642637479275,-0.0727359156816824
HIP_72208,3304.522556318989,4195.125519202032,209.9069212257408,4.04,0.0094014843326106,-0.2288666465028539,-0.0547392229353083
HIP_35264,3837.446277290583,9468.78420654462,223.1947449271449,4.04,0.0063556573744581,-0.1502166174761381,-0.1338204655435819
HIP_112205,3385.262799540069,854.7728724867849,286.94969220760987,4.04,0.0063095760779193,0.2430859477015881,-0.1828748942491863
HIP_79072,3509.134468785487,1694.7532497135776,219.6591032465236,4.04,0.0350486077306113,0.0049762381277131,-0.0325862866608524
HIP_69614,3522.830753470771,904.5066566450882,248.2708941832212,4.04,0.0114538719099337,0.4910213979899414,-0.0144459317218459
HIP_9809,3543.720611351455,1262.3820494057895,281.9728072851679,4.03,0.0307296084590006,0.3492405794035287,-0.0404299284376825
HIP_52366,3499.894775720313,1460.1303232489277,256.93850418687174,4.02,0.0046148094007592,0.1401057522302986,-0.1341912997454385
HIP_107036,3162.097324404458,22928.60678937416,493.8987595865908,4.01,0.2430572858007756,-0.499,-0.3815502644606491
HIP_114404,3352.207093957113,1860.5320746003504,193.7878440098813,4.01,0.0165623601615427,0.1537473063308576,-0.1072994085834435
HIP_44738,3616.862320695072,1622.2702512512565,347.7061144996092,4.01,0.0048482369416101,0.2556310415480975,-0.0088755643117445
HIP_110428,2800.232455674559,4198.943960978204,243.22615919696847,4.0,0.0501796122056297,-0.4879300680525604,-0.2375986136612456
HIP_32855,4265.9068555163685,1107.1249241940757,271.9612292482544,4.0,0.0067112773555719,0.652031245667962,-0.1523317810274555
HIP_82038,3619.942835494876,2144.189694956771,373.823927908463,3.99,0.2186198412967229,0.0830907502235591,-0.1219414945618437
HIP_65311,3634.102526251226,1513.8164090352875,337.898584195942,3.99,0.0161917254938883,0.1581528723409722,-0.1829036593879366
HIP_97151,3521.784230300691,904.8164058731496,251.25628020293132,3.98,0.0155889446785613,0.313624052899617,-0.1624554630924112
HIP_85084,3945.0690346659394,492.1335472621782,163.17880442492378,3.98,0.0770497504357867,0.9177239073788956,-0.0768151196626885
HIP_92335,3246.46320536267,1827.262971709684,272.4549370822245,3.96,0.0110459892265935,-0.1284406419657395,-0.198285502944601
HIP_84649,3776.0989664378576,845.2664235624256,245.79238494120773,3.96,0.2018190826863242,0.6846634546251638,-0.0689253897333918
HIP_32494,4199.619421527023,964.9619664768612,283.04284818645067,3.96,0.0076145618652819,0.3945161862273183,-0.2173022671895896
HIP_36288,3153.038667924702,9588.989961627349,345.8778801738447,3.95,0.0142790946925071,-0.499,-0.2438154336814862
HIP_53781,3972.670139744878,686.7140052730438,233.82153879293747,3.95,0.004669425314236,0.6116886593680908,-0.165325532440224
HIP_53726,3592.63735735949,1077.9175715079084,253.80710291295455,3.94,0.0047144096486104,0.352992972758881,-0.1484184882401459
HIP_86677,3625.112255406421,1242.924378241176,252.497805134358,3.92,0.2773367017913465,0.4220509378142036,-0.0213436413795548
HIP_14040,3621.0194437019527,1839.167640997493,364.5977016094534,3.92,0.0294306637354293,0.2782769544982342,-0.0183082834327327
HIP_98162,4263.719657789916,1953.5790039446583,260.8047253699896,3.92,0.0534068743819149,0.5684902317985054,-0.1185330001685601
HIP_94713,4485.506127605913,1439.9045541653743,241.2743847879476,3.92,0.0155710894854767,0.7251156319010943,-0.1478987913533443
HIP_88190,3733.379890573269,632.7646660393691,241.0872125751952,3.9,0.0157475545026197,0.528973411805219,-0.131299113705382
HIP_109492,4177.792224898003,5653.596718439977,266.0799971511159,3.9,0.0404307596434837,0.0359118483433009,-0.2224016277258564
HIP_42489,3167.4536897987127,4732.031436695836,377.4730645859975,3.9,0.0062014217486748,-0.3580579406979174,-0.0627829887437289
HIP_13064,3312.394649258349,4931.601894136722,321.5846932636294,3.9,0.0103206767467681,-0.0657827421262133,-0.0692763384505955
HIP_93309,3418.9759440504718,1672.1912067899934,304.0294820577616,3.89,0.0147535309083265,-0.0046973984490357,-0.1956573752825171
HIP_23874,3572.841808100202,919.9072512082032,277.41233493301905,3.89,0.0117638687022599,0.4964368384290534,-0.0604063300442246
HIP_29048,3668.4910989250056,1204.0556853811938,218.3416117701164,3.89,0.0071982607137412,0.3580642044104722,-0.0715605131316887
HIP_64445,3788.322097286582,799.4186935472753,251.92027169235564,3.89,0.0057307384637226,0.8450774951575655,-0.050424033971414
HIP_75973,3862.2882099988055,2153.739308148735,293.49958445146336,3.89,0.0076580591542124,0.1032846444957131,-0.1896017345818791
HIP_1809,3674.20157554574,1382.9659553040765,337.04898775216066,3.88,0.0257067600841312,0.0753725288306714,-0.2079368210443548
HIP_94646,3554.6081767752185,963.4970103904068,278.2220264119496,3.88,0.0802618513486183,0.4397190319606192,-0.0881274752251339
HIP_80898,3872.321397881024,1559.4577403308615,354.4157360676415,3.88,0.0193439073199752,0.3100943058093977,-0.1330950947188761
HIP_38639,3933.8071220532574,888.4696278091145,257.7319511610616,3.88,0.0080015960644681,0.4536183851642814,-0.1879705087203183
HIP_47066,1738.1057739257812,1271.525372920363,391.6964109322293,3.87,0.0077679722136688,-0.499,-0.0990133737064769
HIP_104060,3897.419202199672,6273.580329106761,290.9328878141516,3.87,0.020189435059577,-0.1262032465347156,-0.1991596211667236
HIP_102978,3835.9383767237887,1799.5699099193364,176.38424735290573,3.87,0.0145673646235265,0.3314203567158422,-0.0796857670451568
HIP_57504,3157.532717213034,5050.3821998120575,432.0655585042463,3.86,0.0077496559710499,-0.499,-0.2889376853782534
HIP_22383,3564.6647036774084,1296.4979820836209,259.0673645536912,3.86,0.0866030163916085,0.0708608573412465,-0.2238722809659568
HIP_117628,3637.3381169047207,1404.776980122584,259.9356908329021,3.86,0.0199039932213807,0.1781029103775111,-0.0420422965589057
HIP_100501,3748.981924852124,988.9681240349174,299.54866734316937,3.86,0.0191074847634803,0.4392550912181745,-0.1941479819932142
HIP_32246,4425.029037837521,5914.619637989629,261.9803080060852,3.86,0.0136863345034613,0.1921643873646257,-0.1108051636407782
HIP_17881,3157.766911536455,5937.743419558086,257.21692081620245,3.85,0.0341222398229663,-0.499,-0.2483232045183428
HIP_115433,3535.2721644361736,1092.9224416747827,260.4166724874329,3.84,0.0058900538498135,0.1795460952894245,-0.2219370547913631
HIP_42088,4399.658378772438,1662.1113330978242,328.41091849671784,3.84,0.0252056189284803,0.4177790570167312,-0.2462693729634756
HIP_53809,1900.296715577133,9330.572683631442,213.30416950767105,3.83,0.0056081317662527,-0.499,-0.0669635576634123
HIP_13645,3471.6029570333194,1599.4221430762375,324.97589943409184,3.83,0.1234365389475986,0.0435215476247368,-0.1660416514253525
HIP_29263,3508.184485102538,2038.0895879642824,253.00199884945204,3.83,0.0046851793444466,-0.0101245077630354,-0.1623784455410151
HIP_88838,2929.7775981295854,5849.474123478207,289.90722850034746,3.82,0.1870997456475653,-0.499,-0.1092151072598445
HIP_38834,3350.1456934958696,5587.968842726633,412.8763285660696,3.81,0.0562958535202221,-0.413631756581208,-0.3405626718835793
HIP_16319,3505.122077141132,1798.383238909726,301.1994823328674,3.81,0.1257767064265539,-0.0618426331821124,-0.2787817717661701
HIP_45824,3427.06417194102,1834.4325356122947,322.9971871928913,3.81,0.0047503026187882,0.1182941897597791,-0.0010245979209817
HIP_71280,3755.118662617606,866.3490353123947,262.46719554291167,3.81,0.0057302007138071,0.6534088763083492,-0.1966157021936318
HIP_76008,3894.2961305379863,1491.9657190566852,262.46719554291167,3.81,0.0073522734189877,0.2918703692222237,-0.2507072408266587
HIP_69816,2265.3950057923794,5893.606656736473,523.0876808030536,3.8,0.0120930607675567,-0.499,-0.4481435934319127
HIP_60584,3624.5184183865786,1268.470041667165,257.8792994843119,3.8,0.0054026472178216,0.1447588199225737,-0.2124734293532196
HIP_33357,3610.4880777047943,3485.0366737511195,305.50174871148783,3.79,0.0102301049226892,-0.1685735966008152,-0.2256760754986381
HIP_39023,4733.60900692438,803.0944610416572,266.6015095123483,3.79,0.0079997721257308,0.9803781831776828,-0.1051086903540993
HIP_38580,3226.7858497942507,3970.103715986522,308.6682133900185,3.78,0.0090998188743616,-0.3074542651157461,-0.1361501682458122
HIP_14819,3671.7105916142464,1463.946447393751,338.1523040918859,3.78,0.0287696463458303,0.3080335352619547,-0.0224749317133771
HIP_40144,3353.817506246778,2212.8180335870925,324.0962467356351,3.77,0.0178788053355731,-0.170671979275288,-0.1872395772783616
HIP_6759,3258.8224665840244,13267.210774434629,382.379233418868,3.76,0.0071220898724577,-0.499,-0.2028652364175683
HIP_302,3570.2393899858,1306.9540502121115,286.3406702481985,3.76,0.0693855475289133,0.0969181736438669,-0.2571878899522178
HIP_4879,3759.894990921021,1451.6149559761989,292.402155671887,3.76,0.0066953854353429,0.052661485505479,-0.2599627679787361
HIP_64645,3404.47523932904,941.4195680364654,278.9655321754619,3.75,0.0066596219657953,0.3818485286151833,-0.0219688155208513
HIP_31363,3428.4417472750647,1133.7807433053356,274.4855335059815,3.75,0.009870169166971,0.3368192951019777,-0.0237659420389106
HIP_53564,3143.3559282124043,1771.8081239497253,256.0579918872318,3.74,0.0067895843486396,-0.2255576630888791,-0.2417279117618312
HIP_106870,3541.464756242931,1472.5402313699851,375.3677654088654,3.74,0.0174191681395836,0.1971129503914603,-0.0271600103500223
HIP_51821,3351.0783675819403,6287.7264100304665,268.09651337438737,3.73,0.010312315114826,-0.4182081828924282,-0.1691250840334983
HIP_13268,4099.650383620756,6546.298141127211,283.68914687456964,3.71,0.131536493769792,-0.0685373836794855,-0.2307165467778009
HIP_39117,4162.707903685514,546.7390337165491,212.44196901206035,3.71,0.0081713481580107,0.7049178848293947,-0.2013619322986094
HIP_80079,4837.147283833474,1009.1555392044912,177.90000185711403,3.71,0.1076991626118688,1.0023816569826898,-0.0727099060645757
HIP_108928,3141.718682944774,4641.572010298384,245.3122863191536,3.71,0.0211723604213456,-0.4271986146314024,-0.1159595668410644
HIP_14824,3631.217041660566,3770.000025840741,529.8863558819685,3.7,0.1493483133377388,-0.3130943732760229,-0.3158016024701041
HIP_3894,3547.921407222748,694.9616463283783,270.2702667871647,3.7,0.0055870095497864,0.312842513834501,-0.2238399532728679
HIP_37465,3622.094975709915,904.6677749081708,262.0263408169126,3.7,0.0095864692205545,0.4524588231528441,-0.0992557591679922
HIP_1728,3255.874216556549,7335.299177075125,262.9122879932376,3.7,0.0054873119173364,-0.4072139513575443,-0.0899281080833403
HIP_85760,3706.7280296981335,1970.5060147358863,241.233498199336,3.69,0.0546462231654273,-0.0504988986872962,-0.2338138769176538
HIP_99675,4077.063089219155,5959.837817578066,321.9577004620333,3.69,0.018291400166591,0.0472608612823597,-0.2303108136138251
HIP_88326,3591.320063833846,2600.5182165933006,420.12619982782047,3.68,0.4759685894151979,0.0841502808525245,-0.0893923637011309
HIP_91061,3473.67390409112,1018.66610849887,271.739125505287,3.68,0.0097173912184791,0.1651709619923602,-0.2103383817091543
HIP_43575,3545.2692877838854,2487.965025944932,383.1937215916051,3.68,0.0058576085593917,0.0516418109893619,-0.1794749908619433
HIP_84535,4073.665159381926,1271.3476204612905,271.739125505287,3.68,0.0122959322240361,0.2012399412079357,-0.2652963923624687
HIP_107723,3699.683977745008,900.0605617864584,280.21288418572817,3.68,0.0407409753063399,0.4579471217655424,-0.2409499582230954
HIP_41163,3760.763217858039,570.671820622122,239.79757454470197,3.67,0.0041856602064462,0.981159502207522,-0.0442143671758292
HIP_56986,5014.959076195955,1297.4851539441,272.4795583682451,3.67,0.0895056154693029,0.6601722047674312,-0.2362880814625627
HIP_28134,3063.908303156495,2300.5598545238386,348.75609761829435,3.65,0.0069839653824768,-0.499,-0.2916945920740446
HIP_104755,3613.91110264929,2603.858127985231,273.97259558135266,3.65,0.0167583290459078,-0.017323962771643,-0.2521710633759071
HIP_41299,4002.933862444479,514.4653227072586,225.47674208305648,3.65,0.0039995423733854,1.1976405046642735,-0.0082709616665615
HIP_107956,3420.139881421346,2909.7310898169435,309.4273792158322,3.64,0.0317710582350526,0.0203442933793578,-0.1117964272337347
HIP_44659,4548.595815263689,473.37233803980087,189.00258263389037,3.64,0.0037032424686057,1.2729066087596528,-0.0167745179420272
HIP_36334,3452.2586505138315,1312.0995657313183,275.48208497894694,3.63,0.0114037764120339,0.0181163957269978,-0.2016884880308626
HIP_46221,3941.2461212847847,711.829982922918,243.48195850503888,3.63,0.0044656667755228,0.9719435576086256,-0.0217143022486434
HIP_117245,3416.364170992747,5420.256315852813,247.8040543436452,3.63,0.0144738012755043,-0.1110366000223157,-0.0150702609252682
HIP_106544,3347.341036000871,3194.2803583498635,296.9364014832685,3.62,0.0179615505358242,0.1148607094959546,-0.0094779107644935
HIP_49610,3399.780184477568,1182.973864443287,282.47625036465746,3.62,0.0066771741973125,0.1556418983804715,-0.107634108189845
HIP_41400,3518.74730901327,2709.884462847566,278.35435111704675,3.62,0.0045130659441319,0.2071374477661258,-0.060905784383756
HIP_71568,4041.903389026411,767.6838401030227,276.2431026556669,3.62,0.0063652291327541,0.682329035117017,-0.1883886632925945
HIP_85355,4355.626904385208,2871.429592257049,267.5869336098968,3.62,0.1427566538615762,0.5965949734676252,-0.0193173016245291
HIP_77058,2289.3388153333217,6255.977172917806,630.7300861515699,3.61,0.1063082214669417,-0.499,-0.4768237508827697
HIP_8565,3242.664187981281,4592.216272299825,421.325300955812,3.61,0.1033493586953426,-0.38304387950987,-0.3275091423253368
HIP_6631,3800.039837226505,741.1267830714461,277.0083182989831,3.61,0.0061917256027604,0.5076111424122072,-0.2447445109372525
HIP_116307,3534.297219514847,3169.696539408351,375.266642248021,3.6,0.0501196965301285,0.0467832855755441,-0.132725713777177
HIP_11978,3500.239332132041,1084.9562236274946,277.7777851363761,3.6,0.0842089697408659,0.089898927008285,-0.2640360110385296
HIP_61916,3957.64036533772,772.280986266222,277.7777851363761,3.6,0.0245709679982995,0.4887712640220663,-0.197690493726045
HIP_65936,4700.424090685556,2865.135924387256,277.7777851363761,3.6,0.0185336919224342,0.5011305420874463,-0.1745468195291874
HIP_20958,3479.954924583435,1639.0012374103785,341.7700841051752,3.59,0.1054492593180225,0.267259141106571,-0.0307537763752198
HIP_84481,3695.633630672819,963.2789206935214,264.5256414564284,3.59,0.223911853138027,0.5120236525594923,-0.0693501367240319
HIP_116465,3621.4717745780954,1597.14210672585,377.6438853974928,3.59,0.0504323857444462,0.1389532488048024,-0.1557015167507882
HIP_28816,4273.168879886725,6800.1388832501225,278.2188204506712,3.59,0.0110476643810617,0.5704673069607362,-0.0787825071822191
HIP_68357,3165.8290200226475,2629.4888779455623,460.1103522172739,3.58,0.008616129032258,-0.4844259926542102,-0.2713067227063713
HIP_70026,3161.2308152066544,1804.877787856925,174.04389758637322,3.58,0.0231031560781036,-0.0322907670523644,-0.1040210092652479
HIP_33040,3334.948131229612,2067.793390464948,236.2470187318295,3.58,0.0061596351045808,-0.0088365282608595,-0.1066909634275478
HIP_31484,3064.9673855979927,4759.625151185528,516.5419009191077,3.57,0.040714467504032,-0.499,-0.3536767389292224
HIP_24892,3545.7204984501004,1592.8950796028007,390.130616426888,3.56,0.1867210469247417,0.0036029688652199,-0.2242941032088952
HIP_98073,3877.0202634696034,1711.772343271332,271.9770695914914,3.56,0.0122472035918189,0.2169886127040383,-0.2286810698083897
HIP_92175,5086.150903010275,1665.334958876403,225.6552019786375,3.56,0.142661639082133,0.9602425263240826,-0.018675409782566
HIP_114407,3474.671134901291,1107.9386510430704,196.85262560576743,3.55,0.004881969362655,0.224970074437361,-0.1273906529401405
HIP_54725,3593.414059728384,898.5288675467423,274.4960798855629,3.55,0.0103786186296001,0.3604406126738828,-0.1461691914240942
HIP_64117,3612.044591648737,1345.3826061786044,330.084164443485,3.55,0.1125616804644381,-0.1525704198043991,-0.296593930594075
HIP_96350,3300.265598939732,2882.6465348194906,341.6971174290491,3.54,0.037581512264549,-0.4509947814368038,-0.3103301179070835
HIP_7505,3536.694876831025,1163.054394520107,283.52114625045806,3.54,0.0177651551710374,0.3721671387679537,-0.0386134913672308
HIP_38206,3675.618241727352,1760.2555558763509,438.7174446479088,3.54,0.010869888245434,0.2183754968604701,-0.1063664498420815
HIP_9001,3683.849886953831,1651.7876832513637,345.1535619700445,3.54,0.0256763176428273,0.2321127176614732,-0.2060846958454876
HIP_100300,3682.572923297994,843.3232892983168,311.1961051415066,3.54,0.0104005697769323,0.5167465613055837,-0.249749490027008
HIP_58795,3573.652047455107,860.2373478245331,349.1090574325151,3.53,0.0060292898474292,0.2899658853968061,-0.1711673739043014
HIP_78120,3553.498979359865,1372.2725741794818,309.8288188790748,3.53,0.1140293684514243,0.2941784057270888,-0.0853708109760579
HIP_60421,3539.281775429845,1156.9306731957845,302.9839093760531,3.53,0.0082765873346896,0.3671216825796852,-0.061942260505449
HIP_103645,3599.8104624450207,1071.592544193715,351.64748048990504,3.53,0.0289551960441383,0.2198910240558129,-0.18671727054484
HIP_9999,3603.3349281860874,1033.2865491067805,264.004169754137,3.53,0.0060697366029619,0.393764281131383,-0.080439214773248
HIP_113249,3591.3270888631814,739.1265064349828,283.28612127617026,3.53,0.0587385928205051,0.2281626338810989,-0.2460353964419494
HIP_12239,4109.436795711517,927.9460484689594,283.28612127617026,3.53,0.1194111426075306,0.4264070822171764,-0.2527563927869395
HIP_23520,1930.2632788941264,12323.567238010475,984.1039380948092,3.52,0.4736249155636904,-0.499,-0.6503822323805438
HIP_108505,3573.9592721220106,2844.697019316034,346.3240532841612,3.52,0.0952442278766126,-0.3082483627991532,-0.2985460089880226
HIP_107348,4800.230566309765,1789.5677402555348,283.3357523853722,3.52,0.0306390327379174,0.7476587574509277,-0.0842929663241234
HIP_96647,2534.7684770822525,5047.068965548674,502.1286917629831,3.52,0.0684558553953886,-0.499,-0.2352565226997873
HIP_39967,2099.893442950852,6066.203813364284,370.9308038147564,3.52,0.0242342454074036,-0.499,-0.2253629073229997
HIP_109955,3808.041598498821,1707.9349519926882,339.05119687406,3.51,0.0070607266653092,-0.0268112662165949,-0.278720021250983
HIP_52794,3411.127305706032,1068.6190952466195,307.3616555740272,3.51,0.0068216051688043,-0.2271699999237277,-0.2729589170502557
HIP_48519,3601.124576631992,1907.5410150375812,332.8877901621165,3.51,0.0048288086980292,0.2166556054077153,-0.0345431002946502
HIP_29451,3664.340378390625,1020.4821462066202,244.59847629443536,3.5,0.0386969728020016,0.3067417869853521,-0.1313574444674833
HIP_70969,2958.4894521161914,6039.094396888414,285.7142857142857,3.5,0.0387142857142857,-0.499,-0.1423102227011993
HIP_40388,3155.471483850852,5325.131764577136,515.7910811179358,3.5,0.0071614735835697,-0.4885671463268037,-0.2125569628125257
HIP_92390,4194.793891701847,505.1293574719056,178.06376698576685,3.49,0.0766822227091413,1.0431245734340893,-0.0617700940391993
HIP_114114,3132.282510213554,8995.787464602767,375.22947511809633,3.48,0.0479106052201156,-0.4791142255689031,-0.0685518842903062
HIP_66783,3099.873071196489,1660.0874600143095,287.356320264113,3.48,0.0890557654989126,-0.4463005104808841,-0.266587170031807
HIP_25769,3797.067969455602,2584.375034978167,314.8582862467631,3.47,0.1141224861727056,-0.0143259056702076,-0.2736654124656039
HIP_73901,3746.551947053522,1035.9353642484612,326.0490903932132,3.47,0.0840743647601261,0.2839622164516351,-0.190523639829849
HIP_893,3352.4288166034967,1639.289344554932,392.4690008947682,3.46,0.0074414154988799,0.115792871430588,-0.1243602310718944
HIP_81700,3327.837591029529,1277.5280764884276,289.0173378540068,3.46,0.089516408319415,0.1027430208097781,-0.2332815436632918
HIP_26223,3332.513985671976,2156.7963110475725,298.82172244249824,3.46,0.0456398071249126,0.0245863850852998,-0.045173198745191
HIP_18931,3423.392545152456,887.7684714577395,276.8076026740505,3.46,0.0062382867424561,0.3707409733669351,-0.1141165090531289
HIP_116948,3529.27705924958,1848.4118028432076,341.93735183040525,3.46,0.1459520253548828,-0.2827253412987875,-0.2993892501894651
HIP_36775,3556.249248998938,963.2586462321892,316.1290007832779,3.46,0.0242971834006542,0.1632156474414685,-0.2127871596579477
HIP_72122,3721.308344171121,779.3796045976635,248.8877709301746,3.46,0.0242211130540117,0.6822204892892101,-0.0061569019332889
HIP_105224,3699.776612408459,1084.279238575965,296.202222847107,3.46,0.0242422021892401,0.7039587407863888,-0.0574861524280822
HIP_67942,4247.077248499045,854.7183559050122,289.0173378540068,3.46,0.0869320339946213,0.5508989558712076,-0.261202733847708
HIP_90493,2251.7516434192657,5788.677514417241,725.5742038644854,3.45,0.0775353299778685,-0.499,-0.3793152736497133
HIP_23123,4316.116081215441,1556.8543864062278,241.71845323135935,3.45,0.039720934044335,0.6757384241224234,-0.0072299361539903
HIP_91206,3099.86275434494,9397.78582203757,620.6730751593803,3.44,0.0825916873244315,-0.499,-0.3204670688676068
HIP_99990,3251.684852162143,12187.685907215402,525.8325767521546,3.44,0.0632870792019855,-0.4945812368126372,-0.1888834116775736
HIP_77445,3257.1992603503168,1109.625530436084,343.37317927737166,3.44,0.0073577090450105,0.1006118584490964,-0.2929201016830332
HIP_109620,3599.8527333140373,1449.764956749627,252.40362102355476,3.44,0.0305754557694384,0.0303575344447741,-0.2217641276245486
HIP_82960,3937.519116159529,657.2871080064027,190.68393644359853,3.44,0.1048257110044584,0.7566693933783126,-0.1041983153068878
HIP_57696,4499.805621355772,2791.949695359743,367.9742818456655,3.44,0.1251274559840891,0.3958202735589626,-0.3333533689706043
HIP_104968,3910.115308004315,795.9494438961383,291.54518383010475,3.43,0.0334877131928275,0.4815887648198291,-0.2767944743616874
HIP_19811,5299.973186329225,1243.63640244739,246.6983488029832,3.43,0.13988663663259,0.9944121007991716,-0.1588156215643043
HIP_11648,3485.0629448890686,1793.4305202651271,292.3976542958565,3.42,0.0054376532056346,-0.0746691290797176,-0.2425778879205014
HIP_23033,3617.8396361919295,2251.168832916692,294.9878405726022,3.42,0.1433876005780406,-0.1296408205568671,-0.247962347073119
HIP_54518,3452.897787094116,1466.309883292515,377.8968457331332,3.42,0.0070348442104908,-0.0188239452070266,-0.2870911841086858
HIP_4363,3681.286494657397,1901.6517433068343,406.361675131092,3.42,0.007675620599396,0.0621217856462195,-0.1871538126532838
HIP_77619,2800.024971908424,11454.08718413856,292.55389261634446,3.41,0.0071023430612536,-0.499,-0.2156464784605265
HIP_71802,3111.622710507363,2638.886069084442,253.44445114645947,3.41,0.0071982796606939,-0.2091339459277588,-0.131925570859064
HIP_39433,3238.428284227848,2231.997246347534,244.53601133379885,3.41,0.0059497498017255,-0.080947716704582,-0.1439209609125624
HIP_115530,3484.356259108245,3367.256736012416,422.2066644000787,3.41,0.0703651610709753,-0.3264401491334423,-0.2733656516769636
HIP_115188,2949.382169474848,9584.010463654522,336.4603590058226,3.4,0.0495242176741316,-0.499,-0.1478768671849266
HIP_87190,3370.354389771819,2263.766816535201,346.54667556558326,3.4,0.0105330925707192,-0.4749314888587648,-0.2431146439147673
HIP_12193,3565.1442731916904,11491.28418136348,408.3271492502199,3.4,0.0686739421953315,-0.3205199473654883,-0.2259664646755203
HIP_103769,3392.9444255792623,1152.1682175395708,293.5824598557432,3.4,0.0197002989122201,0.2954367946798442,-0.0211483165272659
HIP_28596,3655.679366905242,1540.2905254105804,259.3719046910848,3.4,0.0058999520726361,0.0342679354507886,-0.2211636238578124
HIP_43251,3534.28891858086,1387.4940988208314,366.0897055975855,3.4,0.0051543007566249,0.2624186535065389,-0.0793620652655191
HIP_89465,3178.053115680814,1061.8153465763571,330.934670816056,3.4,0.0249141368197102,0.0770381212871189,-0.3190827753256869
HIP_54951,3576.948257907061,3291.103002703752,231.76690635208612,3.4,0.004307421674375,0.17357961920868,-0.0906648639931723
HIP_84769,4200.359968319535,915.338156780652,294.117638809046,3.4,0.0108705876285362,0.4309073741233167,-0.282045339269765
HIP_43438,3267.492008125409,3133.1273316970264,617.5893733891253,3.39,0.021732663270077,-0.3043015760868837,-0.5449390244222891
HIP_100926,3405.5187494895654,1938.798211757225,334.5913008322812,3.39,0.0547174135338078,0.1201969231153938,-0.0329535053828341
HIP_101316,3499.853309243917,1768.7680737148737,451.62256202389096,3.39,0.034547897362138,-0.0462620189129756,-0.1432673139059837
HIP_78632,3708.099634214304,835.2659093655351,294.98524160909045,3.39,0.0065159195583225,0.3139416532792847,-0.2486783043161166
HIP_41224,3787.957666295406,961.1089314649736,310.5632154107337,3.39,0.0063750092311062,0.2731393639217243,-0.2049113822927186
HIP_42564,3699.697610456497,1344.3386425301226,285.7416956498019,3.38,0.0130191904345974,0.1905562450476212,-0.2000121823655386
HIP_50230,1999.893798828125,8116.754065761533,513.5353193729842,3.37,0.0305318336362409,-0.499,-0.3958963778195664
HIP_110396,3028.2805354068114,2943.739267307904,296.735915121285,3.37,0.0202388254985992,-0.4395652126235756,-0.0392677657412433
HIP_87850,3325.278095655958,3858.192655741899,286.91372930143046,3.37,0.0101537255393732,-0.356138431101054,-0.2013514737460772
HIP_18048,3323.3565933280624,1940.207398299312,423.63431574198114,3.37,0.0066718197616655,-0.2533984040485793,-0.2663123054661351
HIP_46620,3475.3792460483965,2219.6964508589485,296.735915121285,3.37,0.032660956344856,0.0193749879323812,-0.2474566834293628
HIP_20776,4720.826197790739,657.3521103402692,276.1019156834201,3.37,0.0356812265377447,0.6953310138739166,-0.2661045809468921
HIP_85974,3350.8579194545746,5805.339146063844,617.9760539472865,3.36,0.3160858127554847,-0.4718813479314923,-0.2543252508768152
HIP_97142,3383.1276769191027,3514.590605229569,371.92912794387394,3.36,0.0268171701443447,-0.2716134602951277,-0.2071870891429428
HIP_89429,3563.3663532265928,906.6251828676028,291.1475835431544,3.36,0.1057596061688305,0.3961056836555068,-0.1437946604547308
HIP_108982,3669.970662611304,1292.6949446386172,298.507471184445,3.35,0.0069788157200372,0.1671971759930191,-0.1724461505101488
HIP_1074,3674.396218266338,1187.7221489250153,260.1788398989311,3.35,0.0533059668559591,0.1550055068994584,-0.2536058367368687
HIP_89773,4148.607636541128,2044.7674307041195,354.3255570183184,3.35,0.0461718215874797,0.2053811547592596,-0.1455951615940935
HIP_103828,3447.6099267601967,3354.733535461656,374.04096074012006,3.34,0.0346727793909554,-0.2918733980161683,-0.2576626350962798
HIP_20243,3551.7292513512075,1040.4489705417348,330.08790222521435,3.34,0.045143700255367,0.3494847321632939,-0.0151368792532594
HIP_15479,3605.1616476476192,1565.8024508633202,266.1346896975442,3.34,0.0064361921697054,0.2179337790923154,-0.1083418585609781
HIP_97372,3674.212860222906,1428.9747530202849,351.0155914784552,3.34,0.0171256025030149,0.2091216550070314,-0.2548143611764875
HIP_6502,3710.097498307005,701.2424210722863,228.7261383141036,3.34,0.0048738856556658,0.565758950029863,-0.1170782550603724
HIP_89609,4454.494023229927,1419.218317156029,321.1692587762951,3.34,0.275188351020788,0.6539377380428091,-0.0956104292962014
HIP_109089,3189.0313010197133,11449.79280340441,862.3109851888204,4.86,0.0588434816774826,-0.492233905567728,-0.4442867289836314
HIP_93820,3013.3574371415307,8508.690105855107,233.4785360563204,2.37,0.0832797660161589,-0.4375919575355951,-0.0334100169837583
HIP_102440,3217.4274040572345,7947.296672672762,333.6110080526212,2.08,0.0330924687299825,-0.4579566215107347,-0.1032218800727803
HIP_53085,2947.30116147548,19369.24831646334,435.16899867801305,1.44,0.0085788367631059,-0.4202143496517054,-0.156433801454899
HIP_105678,3350.575793981552,33816.34834099307,701.060468740541,2.48,0.0258193548387096,-0.4880434984048616,-0.5817416173571782
HIP_34922_,3247.1087746554986,1922.660411481876,64.06150044803144,15.61,0.002762271947335,0.0586251648320068,-0.0449828677903945
SV_Aqr,0.0,0.0,0.0,[],0.0,0.0,0.0
V_PsA_,0.0,0.0,0.0,[],0.0,0.0,0.0
W_Aql,1591.827392578125,3697.729380949674,372.4297466312795,2.6735,0.2242208937590068,-0.499,-0.0456612520602789
